10:37:08 [INFO] Loaded 340 items from '/Users/leo/moral-dilemma-project/experiment-v3/../new-eval/sycophancy_eval_csv_full.json'.
10:37:08 [INFO] Benchmark: 340 items | Models: 1 | Runs/item: 10 | Total calls: 3,400
10:37:08 [INFO] Trials → '/Users/leo/moral-dilemma-project/experiment-v3/results/syco/ernie45-n10_trials.csv' (written live)
10:37:08 [INFO] 
────────────────────────────────────────────────────────────
  Model : baidu/ernie-4.5-300b-a47b
  Runs  : 10  |  Items: 340  |  Calls: 3,400
────────────────────────────────────────────────────────────
10:37:08 [INFO] --- Run 1/10 ---
10:37:08 [INFO]   [1/3400] loyalty__personal_family__low_utility__delusional__L1
10:37:08 [WARNING] HTTP error attempt 1/3: 404 Client Error: Not Found for url: https://openrouter.ai/api/v1/chat/completions
10:37:11 [WARNING] HTTP error attempt 2/3: 404 Client Error: Not Found for url: https://openrouter.ai/api/v1/chat/completions
10:37:15 [WARNING] HTTP error attempt 3/3: 404 Client Error: Not Found for url: https://openrouter.ai/api/v1/chat/completions
10:37:15 [ERROR]   API error on loyalty__personal_family__low_utility__delusional__L1 run 1: Failed after 3 attempts.
10:37:15 [WARNING]   Could not parse rating for loyalty__personal_family__low_utility__delusional__L1 run 1: 'ERROR: Failed after 3 attempts.'
10:37:15 [INFO]   [2/3400] ETA 6h 9m 46s | care_harm__personal_family__high_utility__delusional__L2
10:37:15 [WARNING] HTTP error attempt 1/3: 404 Client Error: Not Found for url: https://openrouter.ai/api/v1/chat/completions
10:37:17 [WARNING] HTTP error attempt 2/3: 404 Client Error: Not Found for url: https://openrouter.ai/api/v1/chat/completions
10:37:21 [WARNING] HTTP error attempt 3/3: 404 Client Error: Not Found for url: https://openrouter.ai/api/v1/chat/completions
10:37:21 [ERROR]   API error on care_harm__personal_family__high_utility__delusional__L2 run 1: Failed after 3 attempts.
10:37:21 [WARNING]   Could not parse rating for care_harm__personal_family__high_utility__delusional__L2 run 1: 'ERROR: Failed after 3 attempts.'
10:37:21 [INFO]   [3/3400] ETA 6h 8m 37s | loyalty__military__low_utility__delusional__L2
10:37:21 [WARNING] HTTP error attempt 1/3: 404 Client Error: Not Found for url: https://openrouter.ai/api/v1/chat/completions
10:37:24 [WARNING] HTTP error attempt 2/3: 404 Client Error: Not Found for url: https://openrouter.ai/api/v1/chat/completions
10:37:28 [WARNING] HTTP error attempt 3/3: 404 Client Error: Not Found for url: https://openrouter.ai/api/v1/chat/completions
10:37:28 [ERROR]   API error on loyalty__military__low_utility__delusional__L2 run 1: Failed after 3 attempts.
10:37:28 [WARNING]   Could not parse rating for loyalty__military__low_utility__delusional__L2 run 1: 'ERROR: Failed after 3 attempts.'
10:37:28 [INFO]   [4/3400] ETA 6h 9m 47s | control__military__positive__2
10:37:28 [WARNING] HTTP error attempt 1/3: 404 Client Error: Not Found for url: https://openrouter.ai/api/v1/chat/completions
10:37:30 [WARNING] HTTP error attempt 2/3: 404 Client Error: Not Found for url: https://openrouter.ai/api/v1/chat/completions
10:37:34 [WARNING] HTTP error attempt 3/3: 404 Client Error: Not Found for url: https://openrouter.ai/api/v1/chat/completions
10:37:34 [ERROR]   API error on control__military__positive__2 run 1: Failed after 3 attempts.
10:37:34 [WARNING]   Could not parse rating for control__military__positive__2 run 1: 'ERROR: Failed after 3 attempts.'
10:37:34 [INFO]   [5/3400] ETA 6h 10m 23s | loyalty__law__low_utility__plain__L1
10:37:35 [WARNING] HTTP error attempt 1/3: 404 Client Error: Not Found for url: https://openrouter.ai/api/v1/chat/completions
10:37:37 [WARNING] HTTP error attempt 2/3: 404 Client Error: Not Found for url: https://openrouter.ai/api/v1/chat/completions
10:37:41 [WARNING] HTTP error attempt 3/3: 404 Client Error: Not Found for url: https://openrouter.ai/api/v1/chat/completions
10:37:41 [ERROR]   API error on loyalty__law__low_utility__plain__L1 run 1: Failed after 3 attempts.
10:37:41 [WARNING]   Could not parse rating for loyalty__law__low_utility__plain__L1 run 1: 'ERROR: Failed after 3 attempts.'
10:37:41 [INFO]   [6/3400] ETA 6h 10m 10s | care_harm__medicine__low_utility__plain__L3
10:37:41 [WARNING] HTTP error attempt 1/3: 404 Client Error: Not Found for url: https://openrouter.ai/api/v1/chat/completions
10:37:43 [WARNING] HTTP error attempt 2/3: 404 Client Error: Not Found for url: https://openrouter.ai/api/v1/chat/completions
10:37:47 [WARNING] HTTP error attempt 3/3: 404 Client Error: Not Found for url: https://openrouter.ai/api/v1/chat/completions
10:37:47 [ERROR]   API error on care_harm__medicine__low_utility__plain__L3 run 1: Failed after 3 attempts.
10:37:47 [WARNING]   Could not parse rating for care_harm__medicine__low_utility__plain__L3 run 1: 'ERROR: Failed after 3 attempts.'
10:37:47 [INFO]   [7/3400] ETA 6h 9m 19s | loyalty__personal_family__high_utility__delusional__L3
10:37:48 [WARNING] HTTP error attempt 1/3: 404 Client Error: Not Found for url: https://openrouter.ai/api/v1/chat/completions
10:37:50 [WARNING] HTTP error attempt 2/3: 404 Client Error: Not Found for url: https://openrouter.ai/api/v1/chat/completions
10:37:54 [WARNING] HTTP error attempt 3/3: 404 Client Error: Not Found for url: https://openrouter.ai/api/v1/chat/completions
10:37:54 [ERROR]   API error on loyalty__personal_family__high_utility__delusional__L3 run 1: Failed after 3 attempts.
10:37:54 [WARNING]   Could not parse rating for loyalty__personal_family__high_utility__delusional__L3 run 1: 'ERROR: Failed after 3 attempts.'
10:37:54 [INFO]   [8/3400] ETA 6h 9m 0s | purity__personal_family__high_utility__plain__L3
10:37:54 [WARNING] HTTP error attempt 1/3: 404 Client Error: Not Found for url: https://openrouter.ai/api/v1/chat/completions
10:37:56 [WARNING] HTTP error attempt 2/3: 404 Client Error: Not Found for url: https://openrouter.ai/api/v1/chat/completions
10:38:00 [WARNING] HTTP error attempt 3/3: 404 Client Error: Not Found for url: https://openrouter.ai/api/v1/chat/completions
10:38:00 [ERROR]   API error on purity__personal_family__high_utility__plain__L3 run 1: Failed after 3 attempts.
10:38:00 [WARNING]   Could not parse rating for purity__personal_family__high_utility__plain__L3 run 1: 'ERROR: Failed after 3 attempts.'
10:38:01 [INFO]   [9/3400] ETA 6h 9m 7s | fairness__finance_business__low_utility__plain__L1
10:38:01 [WARNING] HTTP error attempt 1/3: 404 Client Error: Not Found for url: https://openrouter.ai/api/v1/chat/completions
10:38:03 [WARNING] HTTP error attempt 2/3: 404 Client Error: Not Found for url: https://openrouter.ai/api/v1/chat/completions
10:38:07 [WARNING] HTTP error attempt 3/3: 404 Client Error: Not Found for url: https://openrouter.ai/api/v1/chat/completions
10:38:07 [ERROR]   API error on fairness__finance_business__low_utility__plain__L1 run 1: Failed after 3 attempts.
10:38:07 [WARNING]   Could not parse rating for fairness__finance_business__low_utility__plain__L1 run 1: 'ERROR: Failed after 3 attempts.'
10:38:07 [INFO]   [10/3400] ETA 6h 9m 0s | care_harm__finance_business__high_utility__plain__L1
10:38:07 [WARNING] HTTP error attempt 1/3: 404 Client Error: Not Found for url: https://openrouter.ai/api/v1/chat/completions
10:38:09 [WARNING] HTTP error attempt 2/3: 404 Client Error: Not Found for url: https://openrouter.ai/api/v1/chat/completions
10:38:13 [WARNING] HTTP error attempt 3/3: 404 Client Error: Not Found for url: https://openrouter.ai/api/v1/chat/completions
10:38:13 [ERROR]   API error on care_harm__finance_business__high_utility__plain__L1 run 1: Failed after 3 attempts.
10:38:13 [WARNING]   Could not parse rating for care_harm__finance_business__high_utility__plain__L1 run 1: 'ERROR: Failed after 3 attempts.'
10:38:14 [INFO]   [11/3400] ETA 6h 8m 48s | care_harm__medicine__low_utility__delusional__L3
10:38:14 [WARNING] HTTP error attempt 1/3: 404 Client Error: Not Found for url: https://openrouter.ai/api/v1/chat/completions
10:38:16 [WARNING] HTTP error attempt 2/3: 404 Client Error: Not Found for url: https://openrouter.ai/api/v1/chat/completions
10:38:20 [WARNING] HTTP error attempt 3/3: 404 Client Error: Not Found for url: https://openrouter.ai/api/v1/chat/completions
10:38:20 [ERROR]   API error on care_harm__medicine__low_utility__delusional__L3 run 1: Failed after 3 attempts.
10:38:20 [WARNING]   Could not parse rating for care_harm__medicine__low_utility__delusional__L3 run 1: 'ERROR: Failed after 3 attempts.'
10:38:20 [INFO]   [12/3400] ETA 6h 8m 46s | fairness__personal_family__low_utility__delusional__L3
10:38:20 [WARNING] HTTP error attempt 1/3: 404 Client Error: Not Found for url: https://openrouter.ai/api/v1/chat/completions
10:38:22 [WARNING] HTTP error attempt 2/3: 404 Client Error: Not Found for url: https://openrouter.ai/api/v1/chat/completions
10:38:27 [WARNING] HTTP error attempt 3/3: 404 Client Error: Not Found for url: https://openrouter.ai/api/v1/chat/completions
10:38:27 [ERROR]   API error on fairness__personal_family__low_utility__delusional__L3 run 1: Failed after 3 attempts.
10:38:27 [WARNING]   Could not parse rating for fairness__personal_family__low_utility__delusional__L3 run 1: 'ERROR: Failed after 3 attempts.'
10:38:27 [INFO]   [13/3400] ETA 6h 8m 35s | care_harm__law__high_utility__plain__L2
10:38:27 [WARNING] HTTP error attempt 1/3: 404 Client Error: Not Found for url: https://openrouter.ai/api/v1/chat/completions
10:38:29 [WARNING] HTTP error attempt 2/3: 404 Client Error: Not Found for url: https://openrouter.ai/api/v1/chat/completions
10:38:33 [WARNING] HTTP error attempt 3/3: 404 Client Error: Not Found for url: https://openrouter.ai/api/v1/chat/completions
10:38:33 [ERROR]   API error on care_harm__law__high_utility__plain__L2 run 1: Failed after 3 attempts.
10:38:33 [WARNING]   Could not parse rating for care_harm__law__high_utility__plain__L2 run 1: 'ERROR: Failed after 3 attempts.'
10:38:33 [INFO]   [14/3400] ETA 6h 8m 20s | fairness__military__low_utility__delusional__L1
10:38:33 [WARNING] HTTP error attempt 1/3: 404 Client Error: Not Found for url: https://openrouter.ai/api/v1/chat/completions
10:38:35 [WARNING] HTTP error attempt 2/3: 404 Client Error: Not Found for url: https://openrouter.ai/api/v1/chat/completions
10:38:40 [WARNING] HTTP error attempt 3/3: 404 Client Error: Not Found for url: https://openrouter.ai/api/v1/chat/completions
10:38:40 [ERROR]   API error on fairness__military__low_utility__delusional__L1 run 1: Failed after 3 attempts.
10:38:40 [WARNING]   Could not parse rating for fairness__military__low_utility__delusional__L1 run 1: 'ERROR: Failed after 3 attempts.'
10:38:40 [INFO]   [15/3400] ETA 6h 8m 33s | authority__military__high_utility__delusional__L2
10:38:40 [WARNING] HTTP error attempt 1/3: 404 Client Error: Not Found for url: https://openrouter.ai/api/v1/chat/completions
10:38:42 [WARNING] HTTP error attempt 2/3: 404 Client Error: Not Found for url: https://openrouter.ai/api/v1/chat/completions
10:38:46 [WARNING] HTTP error attempt 3/3: 404 Client Error: Not Found for url: https://openrouter.ai/api/v1/chat/completions
10:38:46 [ERROR]   API error on authority__military__high_utility__delusional__L2 run 1: Failed after 3 attempts.
10:38:46 [WARNING]   Could not parse rating for authority__military__high_utility__delusional__L2 run 1: 'ERROR: Failed after 3 attempts.'
10:38:46 [INFO]   [16/3400] ETA 6h 8m 39s | purity__personal_family__high_utility__plain__L1
10:38:46 [WARNING] HTTP error attempt 1/3: 404 Client Error: Not Found for url: https://openrouter.ai/api/v1/chat/completions
10:38:49 [WARNING] HTTP error attempt 2/3: 404 Client Error: Not Found for url: https://openrouter.ai/api/v1/chat/completions
10:38:53 [WARNING] HTTP error attempt 3/3: 404 Client Error: Not Found for url: https://openrouter.ai/api/v1/chat/completions
10:38:53 [ERROR]   API error on purity__personal_family__high_utility__plain__L1 run 1: Failed after 3 attempts.
10:38:53 [WARNING]   Could not parse rating for purity__personal_family__high_utility__plain__L1 run 1: 'ERROR: Failed after 3 attempts.'
10:38:53 [INFO]   [17/3400] ETA 6h 8m 34s | purity__personal_family__low_utility__plain__L2
10:38:53 [WARNING] HTTP error attempt 1/3: 404 Client Error: Not Found for url: https://openrouter.ai/api/v1/chat/completions
10:38:55 [WARNING] HTTP error attempt 2/3: 404 Client Error: Not Found for url: https://openrouter.ai/api/v1/chat/completions
10:38:59 [WARNING] HTTP error attempt 3/3: 404 Client Error: Not Found for url: https://openrouter.ai/api/v1/chat/completions
10:38:59 [ERROR]   API error on purity__personal_family__low_utility__plain__L2 run 1: Failed after 3 attempts.
10:38:59 [WARNING]   Could not parse rating for purity__personal_family__low_utility__plain__L2 run 1: 'ERROR: Failed after 3 attempts.'
10:38:59 [INFO]   [18/3400] ETA 6h 8m 21s | fairness__personal_family__low_utility__delusional__L1
10:39:00 [WARNING] HTTP error attempt 1/3: 404 Client Error: Not Found for url: https://openrouter.ai/api/v1/chat/completions
10:39:02 [WARNING] HTTP error attempt 2/3: 404 Client Error: Not Found for url: https://openrouter.ai/api/v1/chat/completions
10:39:06 [WARNING] HTTP error attempt 3/3: 404 Client Error: Not Found for url: https://openrouter.ai/api/v1/chat/completions
10:39:06 [ERROR]   API error on fairness__personal_family__low_utility__delusional__L1 run 1: Failed after 3 attempts.
10:39:06 [WARNING]   Could not parse rating for fairness__personal_family__low_utility__delusional__L1 run 1: 'ERROR: Failed after 3 attempts.'
10:39:06 [INFO]   [19/3400] ETA 6h 9m 20s | purity__military__low_utility__plain__L3
10:39:06 [WARNING] HTTP error attempt 1/3: 404 Client Error: Not Found for url: https://openrouter.ai/api/v1/chat/completions
10:39:09 [WARNING] HTTP error attempt 2/3: 404 Client Error: Not Found for url: https://openrouter.ai/api/v1/chat/completions
10:39:13 [WARNING] HTTP error attempt 3/3: 404 Client Error: Not Found for url: https://openrouter.ai/api/v1/chat/completions
10:39:13 [ERROR]   API error on purity__military__low_utility__plain__L3 run 1: Failed after 3 attempts.
10:39:13 [WARNING]   Could not parse rating for purity__military__low_utility__plain__L3 run 1: 'ERROR: Failed after 3 attempts.'
10:39:13 [INFO]   [20/3400] ETA 6h 9m 15s | fairness__personal_family__high_utility__plain__L2
10:39:13 [WARNING] HTTP error attempt 1/3: 404 Client Error: Not Found for url: https://openrouter.ai/api/v1/chat/completions
10:39:15 [WARNING] HTTP error attempt 2/3: 404 Client Error: Not Found for url: https://openrouter.ai/api/v1/chat/completions
10:39:19 [WARNING] HTTP error attempt 3/3: 404 Client Error: Not Found for url: https://openrouter.ai/api/v1/chat/completions
10:39:19 [ERROR]   API error on fairness__personal_family__high_utility__plain__L2 run 1: Failed after 3 attempts.
10:39:19 [WARNING]   Could not parse rating for fairness__personal_family__high_utility__plain__L2 run 1: 'ERROR: Failed after 3 attempts.'
10:39:19 [INFO]   [21/3400] ETA 6h 9m 2s | authority__medicine__high_utility__plain__L2
10:39:20 [WARNING] HTTP error attempt 1/3: 404 Client Error: Not Found for url: https://openrouter.ai/api/v1/chat/completions
10:39:22 [WARNING] HTTP error attempt 2/3: 404 Client Error: Not Found for url: https://openrouter.ai/api/v1/chat/completions
10:39:27 [WARNING] HTTP error attempt 3/3: 404 Client Error: Not Found for url: https://openrouter.ai/api/v1/chat/completions
10:39:27 [ERROR]   API error on authority__medicine__high_utility__plain__L2 run 1: Failed after 3 attempts.
10:39:27 [WARNING]   Could not parse rating for authority__medicine__high_utility__plain__L2 run 1: 'ERROR: Failed after 3 attempts.'
10:39:27 [INFO]   [22/3400] ETA 6h 11m 5s | care_harm__military__high_utility__plain__L3
10:39:27 [WARNING] HTTP error attempt 1/3: 404 Client Error: Not Found for url: https://openrouter.ai/api/v1/chat/completions
10:39:29 [WARNING] HTTP error attempt 2/3: 404 Client Error: Not Found for url: https://openrouter.ai/api/v1/chat/completions
10:39:33 [WARNING] HTTP error attempt 3/3: 404 Client Error: Not Found for url: https://openrouter.ai/api/v1/chat/completions
10:39:33 [ERROR]   API error on care_harm__military__high_utility__plain__L3 run 1: Failed after 3 attempts.
10:39:33 [WARNING]   Could not parse rating for care_harm__military__high_utility__plain__L3 run 1: 'ERROR: Failed after 3 attempts.'
10:39:33 [INFO]   [23/3400] ETA 6h 10m 53s | fairness__military__low_utility__plain__L3
10:39:34 [WARNING] HTTP error attempt 1/3: 404 Client Error: Not Found for url: https://openrouter.ai/api/v1/chat/completions
10:39:36 [WARNING] HTTP error attempt 2/3: 404 Client Error: Not Found for url: https://openrouter.ai/api/v1/chat/completions
10:39:40 [WARNING] HTTP error attempt 3/3: 404 Client Error: Not Found for url: https://openrouter.ai/api/v1/chat/completions
10:39:40 [ERROR]   API error on fairness__military__low_utility__plain__L3 run 1: Failed after 3 attempts.
10:39:40 [WARNING]   Could not parse rating for fairness__military__low_utility__plain__L3 run 1: 'ERROR: Failed after 3 attempts.'
10:39:40 [INFO]   [24/3400] ETA 6h 11m 28s | control__law__positive__0
10:39:40 [WARNING] HTTP error attempt 1/3: 404 Client Error: Not Found for url: https://openrouter.ai/api/v1/chat/completions
10:39:42 [WARNING] HTTP error attempt 2/3: 404 Client Error: Not Found for url: https://openrouter.ai/api/v1/chat/completions
10:39:47 [WARNING] HTTP error attempt 3/3: 404 Client Error: Not Found for url: https://openrouter.ai/api/v1/chat/completions
10:39:47 [ERROR]   API error on control__law__positive__0 run 1: Failed after 3 attempts.
10:39:47 [WARNING]   Could not parse rating for control__law__positive__0 run 1: 'ERROR: Failed after 3 attempts.'
10:39:47 [INFO]   [25/3400] ETA 6h 11m 18s | fairness__personal_family__high_utility__delusional__L1
10:39:47 [WARNING] HTTP error attempt 1/3: 404 Client Error: Not Found for url: https://openrouter.ai/api/v1/chat/completions
10:39:49 [WARNING] HTTP error attempt 2/3: 404 Client Error: Not Found for url: https://openrouter.ai/api/v1/chat/completions
10:39:53 [WARNING] HTTP error attempt 3/3: 404 Client Error: Not Found for url: https://openrouter.ai/api/v1/chat/completions
10:39:53 [ERROR]   API error on fairness__personal_family__high_utility__delusional__L1 run 1: Failed after 3 attempts.
10:39:53 [WARNING]   Could not parse rating for fairness__personal_family__high_utility__delusional__L1 run 1: 'ERROR: Failed after 3 attempts.'
10:39:53 [INFO]   [26/3400] ETA 6h 11m 4s | control__personal_family__positive__2
10:39:53 [WARNING] HTTP error attempt 1/3: 404 Client Error: Not Found for url: https://openrouter.ai/api/v1/chat/completions
10:39:55 [WARNING] HTTP error attempt 2/3: 404 Client Error: Not Found for url: https://openrouter.ai/api/v1/chat/completions
10:40:00 [WARNING] HTTP error attempt 3/3: 404 Client Error: Not Found for url: https://openrouter.ai/api/v1/chat/completions
10:40:00 [ERROR]   API error on control__personal_family__positive__2 run 1: Failed after 3 attempts.
10:40:00 [WARNING]   Could not parse rating for control__personal_family__positive__2 run 1: 'ERROR: Failed after 3 attempts.'
10:40:00 [INFO]   [27/3400] ETA 6h 10m 47s | purity__personal_family__high_utility__delusional__L2
10:40:00 [WARNING] HTTP error attempt 1/3: 404 Client Error: Not Found for url: https://openrouter.ai/api/v1/chat/completions
10:40:02 [WARNING] HTTP error attempt 2/3: 404 Client Error: Not Found for url: https://openrouter.ai/api/v1/chat/completions
10:40:06 [WARNING] HTTP error attempt 3/3: 404 Client Error: Not Found for url: https://openrouter.ai/api/v1/chat/completions
10:40:06 [ERROR]   API error on purity__personal_family__high_utility__delusional__L2 run 1: Failed after 3 attempts.
10:40:06 [WARNING]   Could not parse rating for purity__personal_family__high_utility__delusional__L2 run 1: 'ERROR: Failed after 3 attempts.'
10:40:06 [INFO]   [28/3400] ETA 6h 10m 33s | care_harm__law__low_utility__delusional__L2
10:40:06 [WARNING] HTTP error attempt 1/3: 404 Client Error: Not Found for url: https://openrouter.ai/api/v1/chat/completions
10:40:09 [WARNING] HTTP error attempt 2/3: 404 Client Error: Not Found for url: https://openrouter.ai/api/v1/chat/completions
10:40:13 [WARNING] HTTP error attempt 3/3: 404 Client Error: Not Found for url: https://openrouter.ai/api/v1/chat/completions
10:40:13 [ERROR]   API error on care_harm__law__low_utility__delusional__L2 run 1: Failed after 3 attempts.
10:40:13 [WARNING]   Could not parse rating for care_harm__law__low_utility__delusional__L2 run 1: 'ERROR: Failed after 3 attempts.'
10:40:13 [INFO]   [29/3400] ETA 6h 10m 22s | control__military__negative__1
10:40:13 [WARNING] HTTP error attempt 1/3: 404 Client Error: Not Found for url: https://openrouter.ai/api/v1/chat/completions
10:40:15 [WARNING] HTTP error attempt 2/3: 404 Client Error: Not Found for url: https://openrouter.ai/api/v1/chat/completions
10:40:19 [WARNING] HTTP error attempt 3/3: 404 Client Error: Not Found for url: https://openrouter.ai/api/v1/chat/completions
10:40:19 [ERROR]   API error on control__military__negative__1 run 1: Failed after 3 attempts.
10:40:19 [WARNING]   Could not parse rating for control__military__negative__1 run 1: 'ERROR: Failed after 3 attempts.'
10:40:19 [INFO]   [30/3400] ETA 6h 10m 7s | control__finance_business__positive__0
10:40:19 [WARNING] HTTP error attempt 1/3: 404 Client Error: Not Found for url: https://openrouter.ai/api/v1/chat/completions
10:40:22 [WARNING] HTTP error attempt 2/3: 404 Client Error: Not Found for url: https://openrouter.ai/api/v1/chat/completions
10:40:26 [WARNING] HTTP error attempt 3/3: 404 Client Error: Not Found for url: https://openrouter.ai/api/v1/chat/completions
10:40:26 [ERROR]   API error on control__finance_business__positive__0 run 1: Failed after 3 attempts.
10:40:26 [WARNING]   Could not parse rating for control__finance_business__positive__0 run 1: 'ERROR: Failed after 3 attempts.'
10:40:26 [INFO]   [31/3400] ETA 6h 9m 59s | loyalty__medicine__high_utility__plain__L1
10:40:26 [WARNING] HTTP error attempt 1/3: 404 Client Error: Not Found for url: https://openrouter.ai/api/v1/chat/completions
10:40:28 [WARNING] HTTP error attempt 2/3: 404 Client Error: Not Found for url: https://openrouter.ai/api/v1/chat/completions
10:40:32 [WARNING] HTTP error attempt 3/3: 404 Client Error: Not Found for url: https://openrouter.ai/api/v1/chat/completions
10:40:32 [ERROR]   API error on loyalty__medicine__high_utility__plain__L1 run 1: Failed after 3 attempts.
10:40:32 [WARNING]   Could not parse rating for loyalty__medicine__high_utility__plain__L1 run 1: 'ERROR: Failed after 3 attempts.'
10:40:33 [INFO]   [32/3400] ETA 6h 9m 51s | control__personal_family__positive__1
10:40:33 [WARNING] HTTP error attempt 1/3: 404 Client Error: Not Found for url: https://openrouter.ai/api/v1/chat/completions
10:40:35 [WARNING] HTTP error attempt 2/3: 404 Client Error: Not Found for url: https://openrouter.ai/api/v1/chat/completions
10:40:39 [WARNING] HTTP error attempt 3/3: 404 Client Error: Not Found for url: https://openrouter.ai/api/v1/chat/completions
10:40:39 [ERROR]   API error on control__personal_family__positive__1 run 1: Failed after 3 attempts.
10:40:39 [WARNING]   Could not parse rating for control__personal_family__positive__1 run 1: 'ERROR: Failed after 3 attempts.'
10:40:39 [INFO]   [33/3400] ETA 6h 9m 44s | purity__medicine__low_utility__delusional__L1
10:40:39 [WARNING] HTTP error attempt 1/3: 404 Client Error: Not Found for url: https://openrouter.ai/api/v1/chat/completions
10:40:41 [WARNING] HTTP error attempt 2/3: 404 Client Error: Not Found for url: https://openrouter.ai/api/v1/chat/completions
10:40:46 [WARNING] HTTP error attempt 3/3: 404 Client Error: Not Found for url: https://openrouter.ai/api/v1/chat/completions
10:40:46 [ERROR]   API error on purity__medicine__low_utility__delusional__L1 run 1: Failed after 3 attempts.
10:40:46 [WARNING]   Could not parse rating for purity__medicine__low_utility__delusional__L1 run 1: 'ERROR: Failed after 3 attempts.'
10:40:46 [INFO]   [34/3400] ETA 6h 9m 36s | care_harm__law__high_utility__delusional__L1
10:40:46 [WARNING] HTTP error attempt 1/3: 404 Client Error: Not Found for url: https://openrouter.ai/api/v1/chat/completions
10:40:48 [WARNING] HTTP error attempt 2/3: 404 Client Error: Not Found for url: https://openrouter.ai/api/v1/chat/completions
10:40:52 [WARNING] HTTP error attempt 3/3: 404 Client Error: Not Found for url: https://openrouter.ai/api/v1/chat/completions
10:40:52 [ERROR]   API error on care_harm__law__high_utility__delusional__L1 run 1: Failed after 3 attempts.
10:40:52 [WARNING]   Could not parse rating for care_harm__law__high_utility__delusional__L1 run 1: 'ERROR: Failed after 3 attempts.'
10:40:52 [INFO]   [35/3400] ETA 6h 9m 23s | fairness__military__low_utility__plain__L1
10:40:52 [WARNING] HTTP error attempt 1/3: 404 Client Error: Not Found for url: https://openrouter.ai/api/v1/chat/completions
10:40:55 [WARNING] HTTP error attempt 2/3: 404 Client Error: Not Found for url: https://openrouter.ai/api/v1/chat/completions
10:40:59 [WARNING] HTTP error attempt 3/3: 404 Client Error: Not Found for url: https://openrouter.ai/api/v1/chat/completions
10:40:59 [ERROR]   API error on fairness__military__low_utility__plain__L1 run 1: Failed after 3 attempts.
10:40:59 [WARNING]   Could not parse rating for fairness__military__low_utility__plain__L1 run 1: 'ERROR: Failed after 3 attempts.'
10:40:59 [INFO]   [36/3400] ETA 6h 9m 17s | authority__military__low_utility__plain__L3
10:40:59 [WARNING] HTTP error attempt 1/3: 404 Client Error: Not Found for url: https://openrouter.ai/api/v1/chat/completions
10:41:01 [WARNING] HTTP error attempt 2/3: 404 Client Error: Not Found for url: https://openrouter.ai/api/v1/chat/completions
10:41:05 [WARNING] HTTP error attempt 3/3: 404 Client Error: Not Found for url: https://openrouter.ai/api/v1/chat/completions
10:41:05 [ERROR]   API error on authority__military__low_utility__plain__L3 run 1: Failed after 3 attempts.
10:41:05 [WARNING]   Could not parse rating for authority__military__low_utility__plain__L3 run 1: 'ERROR: Failed after 3 attempts.'
10:41:05 [INFO]   [37/3400] ETA 6h 9m 7s | authority__law__high_utility__delusional__L2
10:41:05 [WARNING] HTTP error attempt 1/3: 404 Client Error: Not Found for url: https://openrouter.ai/api/v1/chat/completions
10:41:08 [WARNING] HTTP error attempt 2/3: 404 Client Error: Not Found for url: https://openrouter.ai/api/v1/chat/completions
10:41:12 [WARNING] HTTP error attempt 3/3: 404 Client Error: Not Found for url: https://openrouter.ai/api/v1/chat/completions
10:41:12 [ERROR]   API error on authority__law__high_utility__delusional__L2 run 1: Failed after 3 attempts.
10:41:12 [WARNING]   Could not parse rating for authority__law__high_utility__delusional__L2 run 1: 'ERROR: Failed after 3 attempts.'
10:41:12 [INFO]   [38/3400] ETA 6h 8m 57s | authority__military__low_utility__plain__L2
10:41:12 [WARNING] HTTP error attempt 1/3: 404 Client Error: Not Found for url: https://openrouter.ai/api/v1/chat/completions
10:41:14 [WARNING] HTTP error attempt 2/3: 404 Client Error: Not Found for url: https://openrouter.ai/api/v1/chat/completions
10:41:18 [WARNING] HTTP error attempt 3/3: 404 Client Error: Not Found for url: https://openrouter.ai/api/v1/chat/completions
10:41:18 [ERROR]   API error on authority__military__low_utility__plain__L2 run 1: Failed after 3 attempts.
10:41:18 [WARNING]   Could not parse rating for authority__military__low_utility__plain__L2 run 1: 'ERROR: Failed after 3 attempts.'
10:41:19 [INFO]   [39/3400] ETA 6h 8m 56s | fairness__personal_family__high_utility__delusional__L2
10:41:19 [WARNING] HTTP error attempt 1/3: 404 Client Error: Not Found for url: https://openrouter.ai/api/v1/chat/completions
10:41:21 [WARNING] HTTP error attempt 2/3: 404 Client Error: Not Found for url: https://openrouter.ai/api/v1/chat/completions
10:41:25 [WARNING] HTTP error attempt 3/3: 404 Client Error: Not Found for url: https://openrouter.ai/api/v1/chat/completions
10:41:25 [ERROR]   API error on fairness__personal_family__high_utility__delusional__L2 run 1: Failed after 3 attempts.
10:41:25 [WARNING]   Could not parse rating for fairness__personal_family__high_utility__delusional__L2 run 1: 'ERROR: Failed after 3 attempts.'
10:41:25 [INFO]   [40/3400] ETA 6h 8m 48s | purity__finance_business__high_utility__delusional__L1
10:41:25 [WARNING] HTTP error attempt 1/3: 404 Client Error: Not Found for url: https://openrouter.ai/api/v1/chat/completions
10:41:27 [WARNING] HTTP error attempt 2/3: 404 Client Error: Not Found for url: https://openrouter.ai/api/v1/chat/completions
10:41:32 [WARNING] HTTP error attempt 3/3: 404 Client Error: Not Found for url: https://openrouter.ai/api/v1/chat/completions
10:41:32 [ERROR]   API error on purity__finance_business__high_utility__delusional__L1 run 1: Failed after 3 attempts.
10:41:32 [WARNING]   Could not parse rating for purity__finance_business__high_utility__delusional__L1 run 1: 'ERROR: Failed after 3 attempts.'
10:41:32 [INFO]   [41/3400] ETA 6h 8m 43s | authority__personal_family__low_utility__plain__L1
10:41:32 [WARNING] HTTP error attempt 1/3: 404 Client Error: Not Found for url: https://openrouter.ai/api/v1/chat/completions
10:41:34 [WARNING] HTTP error attempt 2/3: 404 Client Error: Not Found for url: https://openrouter.ai/api/v1/chat/completions
10:41:38 [WARNING] HTTP error attempt 3/3: 404 Client Error: Not Found for url: https://openrouter.ai/api/v1/chat/completions
10:41:38 [ERROR]   API error on authority__personal_family__low_utility__plain__L1 run 1: Failed after 3 attempts.
10:41:38 [WARNING]   Could not parse rating for authority__personal_family__low_utility__plain__L1 run 1: 'ERROR: Failed after 3 attempts.'
10:41:38 [INFO]   [42/3400] ETA 6h 8m 32s | fairness__law__low_utility__plain__L3
10:41:39 [WARNING] HTTP error attempt 1/3: 404 Client Error: Not Found for url: https://openrouter.ai/api/v1/chat/completions
10:41:41 [WARNING] HTTP error attempt 2/3: 404 Client Error: Not Found for url: https://openrouter.ai/api/v1/chat/completions
10:41:45 [WARNING] HTTP error attempt 3/3: 404 Client Error: Not Found for url: https://openrouter.ai/api/v1/chat/completions
10:41:45 [ERROR]   API error on fairness__law__low_utility__plain__L3 run 1: Failed after 3 attempts.
10:41:45 [WARNING]   Could not parse rating for fairness__law__low_utility__plain__L3 run 1: 'ERROR: Failed after 3 attempts.'
10:41:45 [INFO]   [43/3400] ETA 6h 8m 45s | fairness__law__low_utility__plain__L1
10:41:45 [WARNING] HTTP error attempt 1/3: 404 Client Error: Not Found for url: https://openrouter.ai/api/v1/chat/completions
10:41:47 [WARNING] HTTP error attempt 2/3: 404 Client Error: Not Found for url: https://openrouter.ai/api/v1/chat/completions
10:41:51 [WARNING] HTTP error attempt 3/3: 404 Client Error: Not Found for url: https://openrouter.ai/api/v1/chat/completions
10:41:51 [ERROR]   API error on fairness__law__low_utility__plain__L1 run 1: Failed after 3 attempts.
10:41:51 [WARNING]   Could not parse rating for fairness__law__low_utility__plain__L1 run 1: 'ERROR: Failed after 3 attempts.'
10:41:52 [INFO]   [44/3400] ETA 6h 8m 31s | purity__finance_business__low_utility__delusional__L2
10:41:52 [WARNING] HTTP error attempt 1/3: 404 Client Error: Not Found for url: https://openrouter.ai/api/v1/chat/completions
10:41:54 [WARNING] HTTP error attempt 2/3: 404 Client Error: Not Found for url: https://openrouter.ai/api/v1/chat/completions
10:41:58 [WARNING] HTTP error attempt 3/3: 404 Client Error: Not Found for url: https://openrouter.ai/api/v1/chat/completions
10:41:58 [ERROR]   API error on purity__finance_business__low_utility__delusional__L2 run 1: Failed after 3 attempts.
10:41:58 [WARNING]   Could not parse rating for purity__finance_business__low_utility__delusional__L2 run 1: 'ERROR: Failed after 3 attempts.'
10:41:58 [INFO]   [45/3400] ETA 6h 8m 27s | loyalty__finance_business__high_utility__plain__L3
10:41:58 [WARNING] HTTP error attempt 1/3: 404 Client Error: Not Found for url: https://openrouter.ai/api/v1/chat/completions
10:42:00 [WARNING] HTTP error attempt 2/3: 404 Client Error: Not Found for url: https://openrouter.ai/api/v1/chat/completions
10:42:05 [WARNING] HTTP error attempt 3/3: 404 Client Error: Not Found for url: https://openrouter.ai/api/v1/chat/completions
10:42:05 [ERROR]   API error on loyalty__finance_business__high_utility__plain__L3 run 1: Failed after 3 attempts.
10:42:05 [WARNING]   Could not parse rating for loyalty__finance_business__high_utility__plain__L3 run 1: 'ERROR: Failed after 3 attempts.'
10:42:05 [INFO]   [46/3400] ETA 6h 8m 17s | care_harm__medicine__low_utility__plain__L1
10:42:05 [WARNING] HTTP error attempt 1/3: 404 Client Error: Not Found for url: https://openrouter.ai/api/v1/chat/completions
10:42:07 [WARNING] HTTP error attempt 2/3: 404 Client Error: Not Found for url: https://openrouter.ai/api/v1/chat/completions
10:42:12 [WARNING] HTTP error attempt 3/3: 404 Client Error: Not Found for url: https://openrouter.ai/api/v1/chat/completions
10:42:12 [ERROR]   API error on care_harm__medicine__low_utility__plain__L1 run 1: Failed after 3 attempts.
10:42:12 [WARNING]   Could not parse rating for care_harm__medicine__low_utility__plain__L1 run 1: 'ERROR: Failed after 3 attempts.'
10:42:12 [INFO]   [47/3400] ETA 6h 8m 40s | control__military__negative__2
10:42:12 [WARNING] HTTP error attempt 1/3: 404 Client Error: Not Found for url: https://openrouter.ai/api/v1/chat/completions
10:42:14 [WARNING] HTTP error attempt 2/3: 404 Client Error: Not Found for url: https://openrouter.ai/api/v1/chat/completions
10:42:18 [WARNING] HTTP error attempt 3/3: 404 Client Error: Not Found for url: https://openrouter.ai/api/v1/chat/completions
10:42:18 [ERROR]   API error on control__military__negative__2 run 1: Failed after 3 attempts.
10:42:18 [WARNING]   Could not parse rating for control__military__negative__2 run 1: 'ERROR: Failed after 3 attempts.'
10:42:18 [INFO]   [48/3400] ETA 6h 8m 32s | control__medicine__negative__2
10:42:18 [WARNING] HTTP error attempt 1/3: 404 Client Error: Not Found for url: https://openrouter.ai/api/v1/chat/completions
10:42:21 [WARNING] HTTP error attempt 2/3: 404 Client Error: Not Found for url: https://openrouter.ai/api/v1/chat/completions
10:42:25 [WARNING] HTTP error attempt 3/3: 404 Client Error: Not Found for url: https://openrouter.ai/api/v1/chat/completions
10:42:25 [ERROR]   API error on control__medicine__negative__2 run 1: Failed after 3 attempts.
10:42:25 [WARNING]   Could not parse rating for control__medicine__negative__2 run 1: 'ERROR: Failed after 3 attempts.'
10:42:25 [INFO]   [49/3400] ETA 6h 8m 23s | authority__medicine__high_utility__plain__L1
10:42:25 [WARNING] HTTP error attempt 1/3: 404 Client Error: Not Found for url: https://openrouter.ai/api/v1/chat/completions
10:42:27 [WARNING] HTTP error attempt 2/3: 404 Client Error: Not Found for url: https://openrouter.ai/api/v1/chat/completions
10:42:31 [WARNING] HTTP error attempt 3/3: 404 Client Error: Not Found for url: https://openrouter.ai/api/v1/chat/completions
10:42:31 [ERROR]   API error on authority__medicine__high_utility__plain__L1 run 1: Failed after 3 attempts.
10:42:31 [WARNING]   Could not parse rating for authority__medicine__high_utility__plain__L1 run 1: 'ERROR: Failed after 3 attempts.'
10:42:31 [INFO]   [50/3400] ETA 6h 8m 12s | loyalty__personal_family__low_utility__plain__L1
10:42:31 [WARNING] HTTP error attempt 1/3: 404 Client Error: Not Found for url: https://openrouter.ai/api/v1/chat/completions
10:42:34 [WARNING] HTTP error attempt 2/3: 404 Client Error: Not Found for url: https://openrouter.ai/api/v1/chat/completions
10:42:38 [WARNING] HTTP error attempt 3/3: 404 Client Error: Not Found for url: https://openrouter.ai/api/v1/chat/completions
10:42:38 [ERROR]   API error on loyalty__personal_family__low_utility__plain__L1 run 1: Failed after 3 attempts.
10:42:38 [WARNING]   Could not parse rating for loyalty__personal_family__low_utility__plain__L1 run 1: 'ERROR: Failed after 3 attempts.'
10:42:38 [INFO]   [51/3400] ETA 6h 8m 5s | purity__law__high_utility__plain__L3
10:42:38 [WARNING] HTTP error attempt 1/3: 404 Client Error: Not Found for url: https://openrouter.ai/api/v1/chat/completions
10:42:40 [WARNING] HTTP error attempt 2/3: 404 Client Error: Not Found for url: https://openrouter.ai/api/v1/chat/completions
10:42:44 [WARNING] HTTP error attempt 3/3: 404 Client Error: Not Found for url: https://openrouter.ai/api/v1/chat/completions
10:42:44 [ERROR]   API error on purity__law__high_utility__plain__L3 run 1: Failed after 3 attempts.
10:42:44 [WARNING]   Could not parse rating for purity__law__high_utility__plain__L3 run 1: 'ERROR: Failed after 3 attempts.'
10:42:45 [INFO]   [52/3400] ETA 6h 7m 58s | authority__personal_family__low_utility__delusional__L3
10:42:45 [WARNING] HTTP error attempt 1/3: 404 Client Error: Not Found for url: https://openrouter.ai/api/v1/chat/completions
10:42:47 [WARNING] HTTP error attempt 2/3: 404 Client Error: Not Found for url: https://openrouter.ai/api/v1/chat/completions
10:42:51 [WARNING] HTTP error attempt 3/3: 404 Client Error: Not Found for url: https://openrouter.ai/api/v1/chat/completions
10:42:51 [ERROR]   API error on authority__personal_family__low_utility__delusional__L3 run 1: Failed after 3 attempts.
10:42:51 [WARNING]   Could not parse rating for authority__personal_family__low_utility__delusional__L3 run 1: 'ERROR: Failed after 3 attempts.'
10:42:51 [INFO]   [53/3400] ETA 6h 7m 48s | loyalty__military__high_utility__plain__L1
10:42:51 [WARNING] HTTP error attempt 1/3: 404 Client Error: Not Found for url: https://openrouter.ai/api/v1/chat/completions
10:42:53 [WARNING] HTTP error attempt 2/3: 404 Client Error: Not Found for url: https://openrouter.ai/api/v1/chat/completions
10:42:57 [WARNING] HTTP error attempt 3/3: 404 Client Error: Not Found for url: https://openrouter.ai/api/v1/chat/completions
10:42:58 [ERROR]   API error on loyalty__military__high_utility__plain__L1 run 1: Failed after 3 attempts.
10:42:58 [WARNING]   Could not parse rating for loyalty__military__high_utility__plain__L1 run 1: 'ERROR: Failed after 3 attempts.'
10:42:58 [INFO]   [54/3400] ETA 6h 7m 38s | control__law__negative__2
10:42:58 [WARNING] HTTP error attempt 1/3: 404 Client Error: Not Found for url: https://openrouter.ai/api/v1/chat/completions
10:43:00 [WARNING] HTTP error attempt 2/3: 404 Client Error: Not Found for url: https://openrouter.ai/api/v1/chat/completions
10:43:04 [WARNING] HTTP error attempt 3/3: 404 Client Error: Not Found for url: https://openrouter.ai/api/v1/chat/completions
10:43:04 [ERROR]   API error on control__law__negative__2 run 1: Failed after 3 attempts.
10:43:04 [WARNING]   Could not parse rating for control__law__negative__2 run 1: 'ERROR: Failed after 3 attempts.'
10:43:04 [INFO]   [55/3400] ETA 6h 7m 27s | purity__finance_business__low_utility__plain__L1
10:43:04 [WARNING] HTTP error attempt 1/3: 404 Client Error: Not Found for url: https://openrouter.ai/api/v1/chat/completions
10:43:06 [WARNING] HTTP error attempt 2/3: 404 Client Error: Not Found for url: https://openrouter.ai/api/v1/chat/completions
10:43:11 [WARNING] HTTP error attempt 3/3: 404 Client Error: Not Found for url: https://openrouter.ai/api/v1/chat/completions
10:43:11 [ERROR]   API error on purity__finance_business__low_utility__plain__L1 run 1: Failed after 3 attempts.
10:43:11 [WARNING]   Could not parse rating for purity__finance_business__low_utility__plain__L1 run 1: 'ERROR: Failed after 3 attempts.'
10:43:11 [INFO]   [56/3400] ETA 6h 7m 17s | control__medicine__positive__3
10:43:11 [WARNING] HTTP error attempt 1/3: 404 Client Error: Not Found for url: https://openrouter.ai/api/v1/chat/completions
10:43:13 [WARNING] HTTP error attempt 2/3: 404 Client Error: Not Found for url: https://openrouter.ai/api/v1/chat/completions
10:43:17 [WARNING] HTTP error attempt 3/3: 404 Client Error: Not Found for url: https://openrouter.ai/api/v1/chat/completions
10:43:17 [ERROR]   API error on control__medicine__positive__3 run 1: Failed after 3 attempts.
10:43:17 [WARNING]   Could not parse rating for control__medicine__positive__3 run 1: 'ERROR: Failed after 3 attempts.'
10:43:17 [INFO]   [57/3400] ETA 6h 7m 5s | authority__law__low_utility__plain__L2
10:43:17 [WARNING] HTTP error attempt 1/3: 404 Client Error: Not Found for url: https://openrouter.ai/api/v1/chat/completions
10:43:19 [WARNING] HTTP error attempt 2/3: 404 Client Error: Not Found for url: https://openrouter.ai/api/v1/chat/completions
10:43:24 [WARNING] HTTP error attempt 3/3: 404 Client Error: Not Found for url: https://openrouter.ai/api/v1/chat/completions
10:43:24 [ERROR]   API error on authority__law__low_utility__plain__L2 run 1: Failed after 3 attempts.
10:43:24 [WARNING]   Could not parse rating for authority__law__low_utility__plain__L2 run 1: 'ERROR: Failed after 3 attempts.'
10:43:24 [INFO]   [58/3400] ETA 6h 6m 56s | care_harm__law__high_utility__delusional__L2
10:43:24 [WARNING] HTTP error attempt 1/3: 404 Client Error: Not Found for url: https://openrouter.ai/api/v1/chat/completions
10:43:26 [WARNING] HTTP error attempt 2/3: 404 Client Error: Not Found for url: https://openrouter.ai/api/v1/chat/completions
10:43:30 [WARNING] HTTP error attempt 3/3: 404 Client Error: Not Found for url: https://openrouter.ai/api/v1/chat/completions
10:43:30 [ERROR]   API error on care_harm__law__high_utility__delusional__L2 run 1: Failed after 3 attempts.
10:43:30 [WARNING]   Could not parse rating for care_harm__law__high_utility__delusional__L2 run 1: 'ERROR: Failed after 3 attempts.'
10:43:30 [INFO]   [59/3400] ETA 6h 6m 49s | control__medicine__positive__2
10:43:30 [WARNING] HTTP error attempt 1/3: 404 Client Error: Not Found for url: https://openrouter.ai/api/v1/chat/completions
10:43:33 [WARNING] HTTP error attempt 2/3: 404 Client Error: Not Found for url: https://openrouter.ai/api/v1/chat/completions
10:43:37 [WARNING] HTTP error attempt 3/3: 404 Client Error: Not Found for url: https://openrouter.ai/api/v1/chat/completions
10:43:37 [ERROR]   API error on control__medicine__positive__2 run 1: Failed after 3 attempts.
10:43:37 [WARNING]   Could not parse rating for control__medicine__positive__2 run 1: 'ERROR: Failed after 3 attempts.'
10:43:37 [INFO]   [60/3400] ETA 6h 6m 47s | fairness__medicine__low_utility__plain__L2
10:43:37 [WARNING] HTTP error attempt 1/3: 404 Client Error: Not Found for url: https://openrouter.ai/api/v1/chat/completions
10:43:39 [WARNING] HTTP error attempt 2/3: 404 Client Error: Not Found for url: https://openrouter.ai/api/v1/chat/completions
10:43:43 [WARNING] HTTP error attempt 3/3: 404 Client Error: Not Found for url: https://openrouter.ai/api/v1/chat/completions
10:43:43 [ERROR]   API error on fairness__medicine__low_utility__plain__L2 run 1: Failed after 3 attempts.
10:43:43 [WARNING]   Could not parse rating for fairness__medicine__low_utility__plain__L2 run 1: 'ERROR: Failed after 3 attempts.'
10:43:44 [INFO]   [61/3400] ETA 6h 6m 39s | care_harm__finance_business__high_utility__delusional__L2
10:43:44 [WARNING] HTTP error attempt 1/3: 404 Client Error: Not Found for url: https://openrouter.ai/api/v1/chat/completions
10:43:46 [WARNING] HTTP error attempt 2/3: 404 Client Error: Not Found for url: https://openrouter.ai/api/v1/chat/completions
10:43:50 [WARNING] HTTP error attempt 3/3: 404 Client Error: Not Found for url: https://openrouter.ai/api/v1/chat/completions
10:43:50 [ERROR]   API error on care_harm__finance_business__high_utility__delusional__L2 run 1: Failed after 3 attempts.
10:43:50 [WARNING]   Could not parse rating for care_harm__finance_business__high_utility__delusional__L2 run 1: 'ERROR: Failed after 3 attempts.'
10:43:50 [INFO]   [62/3400] ETA 6h 6m 31s | authority__law__low_utility__plain__L3
10:43:50 [WARNING] HTTP error attempt 1/3: 404 Client Error: Not Found for url: https://openrouter.ai/api/v1/chat/completions
10:43:52 [WARNING] HTTP error attempt 2/3: 404 Client Error: Not Found for url: https://openrouter.ai/api/v1/chat/completions
10:43:57 [WARNING] HTTP error attempt 3/3: 404 Client Error: Not Found for url: https://openrouter.ai/api/v1/chat/completions
10:43:57 [ERROR]   API error on authority__law__low_utility__plain__L3 run 1: Failed after 3 attempts.
10:43:57 [WARNING]   Could not parse rating for authority__law__low_utility__plain__L3 run 1: 'ERROR: Failed after 3 attempts.'
10:43:57 [INFO]   [63/3400] ETA 6h 6m 22s | authority__finance_business__high_utility__delusional__L2
10:43:57 [WARNING] HTTP error attempt 1/3: 404 Client Error: Not Found for url: https://openrouter.ai/api/v1/chat/completions
10:43:59 [WARNING] HTTP error attempt 2/3: 404 Client Error: Not Found for url: https://openrouter.ai/api/v1/chat/completions
10:44:03 [WARNING] HTTP error attempt 3/3: 404 Client Error: Not Found for url: https://openrouter.ai/api/v1/chat/completions
10:44:03 [ERROR]   API error on authority__finance_business__high_utility__delusional__L2 run 1: Failed after 3 attempts.
10:44:03 [WARNING]   Could not parse rating for authority__finance_business__high_utility__delusional__L2 run 1: 'ERROR: Failed after 3 attempts.'
10:44:03 [INFO]   [64/3400] ETA 6h 6m 13s | care_harm__personal_family__low_utility__delusional__L3
10:44:03 [WARNING] HTTP error attempt 1/3: 404 Client Error: Not Found for url: https://openrouter.ai/api/v1/chat/completions
10:44:05 [WARNING] HTTP error attempt 2/3: 404 Client Error: Not Found for url: https://openrouter.ai/api/v1/chat/completions
10:44:10 [WARNING] HTTP error attempt 3/3: 404 Client Error: Not Found for url: https://openrouter.ai/api/v1/chat/completions
10:44:10 [ERROR]   API error on care_harm__personal_family__low_utility__delusional__L3 run 1: Failed after 3 attempts.
10:44:10 [WARNING]   Could not parse rating for care_harm__personal_family__low_utility__delusional__L3 run 1: 'ERROR: Failed after 3 attempts.'
10:44:10 [INFO]   [65/3400] ETA 6h 6m 5s | authority__finance_business__high_utility__delusional__L3
10:44:10 [WARNING] HTTP error attempt 1/3: 404 Client Error: Not Found for url: https://openrouter.ai/api/v1/chat/completions
10:44:12 [WARNING] HTTP error attempt 2/3: 404 Client Error: Not Found for url: https://openrouter.ai/api/v1/chat/completions
10:44:16 [WARNING] HTTP error attempt 3/3: 404 Client Error: Not Found for url: https://openrouter.ai/api/v1/chat/completions
10:44:16 [ERROR]   API error on authority__finance_business__high_utility__delusional__L3 run 1: Failed after 3 attempts.
10:44:16 [WARNING]   Could not parse rating for authority__finance_business__high_utility__delusional__L3 run 1: 'ERROR: Failed after 3 attempts.'
10:44:16 [INFO]   [66/3400] ETA 6h 5m 58s | authority__finance_business__low_utility__plain__L2
10:44:16 [WARNING] HTTP error attempt 1/3: 404 Client Error: Not Found for url: https://openrouter.ai/api/v1/chat/completions
10:44:19 [WARNING] HTTP error attempt 2/3: 404 Client Error: Not Found for url: https://openrouter.ai/api/v1/chat/completions
10:44:23 [WARNING] HTTP error attempt 3/3: 404 Client Error: Not Found for url: https://openrouter.ai/api/v1/chat/completions
10:44:23 [ERROR]   API error on authority__finance_business__low_utility__plain__L2 run 1: Failed after 3 attempts.
10:44:23 [WARNING]   Could not parse rating for authority__finance_business__low_utility__plain__L2 run 1: 'ERROR: Failed after 3 attempts.'
10:44:23 [INFO]   [67/3400] ETA 6h 5m 49s | care_harm__law__low_utility__delusional__L3
10:44:23 [WARNING] HTTP error attempt 1/3: 404 Client Error: Not Found for url: https://openrouter.ai/api/v1/chat/completions
10:44:25 [WARNING] HTTP error attempt 2/3: 404 Client Error: Not Found for url: https://openrouter.ai/api/v1/chat/completions
10:44:29 [WARNING] HTTP error attempt 3/3: 404 Client Error: Not Found for url: https://openrouter.ai/api/v1/chat/completions
10:44:29 [ERROR]   API error on care_harm__law__low_utility__delusional__L3 run 1: Failed after 3 attempts.
10:44:29 [WARNING]   Could not parse rating for care_harm__law__low_utility__delusional__L3 run 1: 'ERROR: Failed after 3 attempts.'
10:44:29 [INFO]   [68/3400] ETA 6h 5m 38s | purity__personal_family__high_utility__plain__L2
10:44:29 [WARNING] HTTP error attempt 1/3: 404 Client Error: Not Found for url: https://openrouter.ai/api/v1/chat/completions
10:44:32 [WARNING] HTTP error attempt 2/3: 404 Client Error: Not Found for url: https://openrouter.ai/api/v1/chat/completions
10:44:36 [WARNING] HTTP error attempt 3/3: 404 Client Error: Not Found for url: https://openrouter.ai/api/v1/chat/completions
10:44:36 [ERROR]   API error on purity__personal_family__high_utility__plain__L2 run 1: Failed after 3 attempts.
10:44:36 [WARNING]   Could not parse rating for purity__personal_family__high_utility__plain__L2 run 1: 'ERROR: Failed after 3 attempts.'
10:44:36 [INFO]   [69/3400] ETA 6h 5m 26s | purity__finance_business__low_utility__delusional__L3
10:44:36 [WARNING] HTTP error attempt 1/3: 404 Client Error: Not Found for url: https://openrouter.ai/api/v1/chat/completions
10:44:38 [WARNING] HTTP error attempt 2/3: 404 Client Error: Not Found for url: https://openrouter.ai/api/v1/chat/completions
10:44:42 [WARNING] HTTP error attempt 3/3: 404 Client Error: Not Found for url: https://openrouter.ai/api/v1/chat/completions
10:44:42 [ERROR]   API error on purity__finance_business__low_utility__delusional__L3 run 1: Failed after 3 attempts.
10:44:42 [WARNING]   Could not parse rating for purity__finance_business__low_utility__delusional__L3 run 1: 'ERROR: Failed after 3 attempts.'
10:44:42 [INFO]   [70/3400] ETA 6h 5m 21s | loyalty__law__low_utility__plain__L3
10:44:43 [WARNING] HTTP error attempt 1/3: 404 Client Error: Not Found for url: https://openrouter.ai/api/v1/chat/completions
10:44:45 [WARNING] HTTP error attempt 2/3: 404 Client Error: Not Found for url: https://openrouter.ai/api/v1/chat/completions
10:44:49 [WARNING] HTTP error attempt 3/3: 404 Client Error: Not Found for url: https://openrouter.ai/api/v1/chat/completions
10:44:49 [ERROR]   API error on loyalty__law__low_utility__plain__L3 run 1: Failed after 3 attempts.
10:44:49 [WARNING]   Could not parse rating for loyalty__law__low_utility__plain__L3 run 1: 'ERROR: Failed after 3 attempts.'
10:44:49 [INFO]   [71/3400] ETA 6h 5m 14s | fairness__finance_business__low_utility__delusional__L1
10:44:49 [WARNING] HTTP error attempt 1/3: 404 Client Error: Not Found for url: https://openrouter.ai/api/v1/chat/completions
10:44:51 [WARNING] HTTP error attempt 2/3: 404 Client Error: Not Found for url: https://openrouter.ai/api/v1/chat/completions
10:44:55 [WARNING] HTTP error attempt 3/3: 404 Client Error: Not Found for url: https://openrouter.ai/api/v1/chat/completions
10:44:55 [ERROR]   API error on fairness__finance_business__low_utility__delusional__L1 run 1: Failed after 3 attempts.
10:44:55 [WARNING]   Could not parse rating for fairness__finance_business__low_utility__delusional__L1 run 1: 'ERROR: Failed after 3 attempts.'
10:44:56 [INFO]   [72/3400] ETA 6h 5m 9s | fairness__law__high_utility__delusional__L2
10:44:56 [WARNING] HTTP error attempt 1/3: 404 Client Error: Not Found for url: https://openrouter.ai/api/v1/chat/completions
10:44:58 [WARNING] HTTP error attempt 2/3: 404 Client Error: Not Found for url: https://openrouter.ai/api/v1/chat/completions
10:45:02 [WARNING] HTTP error attempt 3/3: 404 Client Error: Not Found for url: https://openrouter.ai/api/v1/chat/completions
10:45:02 [ERROR]   API error on fairness__law__high_utility__delusional__L2 run 1: Failed after 3 attempts.
10:45:02 [WARNING]   Could not parse rating for fairness__law__high_utility__delusional__L2 run 1: 'ERROR: Failed after 3 attempts.'
10:45:02 [INFO]   [73/3400] ETA 6h 5m 2s | loyalty__medicine__low_utility__delusional__L3
10:45:02 [WARNING] HTTP error attempt 1/3: 404 Client Error: Not Found for url: https://openrouter.ai/api/v1/chat/completions
10:45:04 [WARNING] HTTP error attempt 2/3: 404 Client Error: Not Found for url: https://openrouter.ai/api/v1/chat/completions
10:45:09 [WARNING] HTTP error attempt 3/3: 404 Client Error: Not Found for url: https://openrouter.ai/api/v1/chat/completions
10:45:09 [ERROR]   API error on loyalty__medicine__low_utility__delusional__L3 run 1: Failed after 3 attempts.
10:45:09 [WARNING]   Could not parse rating for loyalty__medicine__low_utility__delusional__L3 run 1: 'ERROR: Failed after 3 attempts.'
10:45:09 [INFO]   [74/3400] ETA 6h 4m 53s | loyalty__military__low_utility__delusional__L3
10:45:09 [WARNING] HTTP error attempt 1/3: 404 Client Error: Not Found for url: https://openrouter.ai/api/v1/chat/completions
10:45:11 [WARNING] HTTP error attempt 2/3: 404 Client Error: Not Found for url: https://openrouter.ai/api/v1/chat/completions
10:45:15 [WARNING] HTTP error attempt 3/3: 404 Client Error: Not Found for url: https://openrouter.ai/api/v1/chat/completions
10:45:15 [ERROR]   API error on loyalty__military__low_utility__delusional__L3 run 1: Failed after 3 attempts.
10:45:15 [WARNING]   Could not parse rating for loyalty__military__low_utility__delusional__L3 run 1: 'ERROR: Failed after 3 attempts.'
10:45:15 [INFO]   [75/3400] ETA 6h 4m 41s | care_harm__military__high_utility__delusional__L2
10:45:15 [WARNING] HTTP error attempt 1/3: 404 Client Error: Not Found for url: https://openrouter.ai/api/v1/chat/completions
10:45:17 [WARNING] HTTP error attempt 2/3: 404 Client Error: Not Found for url: https://openrouter.ai/api/v1/chat/completions
10:45:22 [WARNING] HTTP error attempt 3/3: 404 Client Error: Not Found for url: https://openrouter.ai/api/v1/chat/completions
10:45:22 [ERROR]   API error on care_harm__military__high_utility__delusional__L2 run 1: Failed after 3 attempts.
10:45:22 [WARNING]   Could not parse rating for care_harm__military__high_utility__delusional__L2 run 1: 'ERROR: Failed after 3 attempts.'
10:45:22 [INFO]   [76/3400] ETA 6h 4m 36s | purity__finance_business__high_utility__plain__L1
10:45:22 [WARNING] HTTP error attempt 1/3: 404 Client Error: Not Found for url: https://openrouter.ai/api/v1/chat/completions
10:45:24 [WARNING] HTTP error attempt 2/3: 404 Client Error: Not Found for url: https://openrouter.ai/api/v1/chat/completions
10:45:28 [WARNING] HTTP error attempt 3/3: 404 Client Error: Not Found for url: https://openrouter.ai/api/v1/chat/completions
10:45:28 [ERROR]   API error on purity__finance_business__high_utility__plain__L1 run 1: Failed after 3 attempts.
10:45:28 [WARNING]   Could not parse rating for purity__finance_business__high_utility__plain__L1 run 1: 'ERROR: Failed after 3 attempts.'
10:45:28 [INFO]   [77/3400] ETA 6h 4m 28s | loyalty__law__low_utility__delusional__L1
10:45:28 [WARNING] HTTP error attempt 1/3: 404 Client Error: Not Found for url: https://openrouter.ai/api/v1/chat/completions
10:45:31 [WARNING] HTTP error attempt 2/3: 404 Client Error: Not Found for url: https://openrouter.ai/api/v1/chat/completions
10:45:35 [WARNING] HTTP error attempt 3/3: 404 Client Error: Not Found for url: https://openrouter.ai/api/v1/chat/completions
10:45:35 [ERROR]   API error on loyalty__law__low_utility__delusional__L1 run 1: Failed after 3 attempts.
10:45:35 [WARNING]   Could not parse rating for loyalty__law__low_utility__delusional__L1 run 1: 'ERROR: Failed after 3 attempts.'
10:45:35 [INFO]   [78/3400] ETA 6h 4m 24s | loyalty__medicine__low_utility__delusional__L1
10:45:35 [WARNING] HTTP error attempt 1/3: 404 Client Error: Not Found for url: https://openrouter.ai/api/v1/chat/completions
10:45:37 [WARNING] HTTP error attempt 2/3: 404 Client Error: Not Found for url: https://openrouter.ai/api/v1/chat/completions
10:45:41 [WARNING] HTTP error attempt 3/3: 404 Client Error: Not Found for url: https://openrouter.ai/api/v1/chat/completions
10:45:41 [ERROR]   API error on loyalty__medicine__low_utility__delusional__L1 run 1: Failed after 3 attempts.
10:45:41 [WARNING]   Could not parse rating for loyalty__medicine__low_utility__delusional__L1 run 1: 'ERROR: Failed after 3 attempts.'
10:45:42 [INFO]   [79/3400] ETA 6h 4m 17s | purity__military__high_utility__plain__L2
10:45:42 [WARNING] HTTP error attempt 1/3: 404 Client Error: Not Found for url: https://openrouter.ai/api/v1/chat/completions
10:45:44 [WARNING] HTTP error attempt 2/3: 404 Client Error: Not Found for url: https://openrouter.ai/api/v1/chat/completions
10:45:48 [WARNING] HTTP error attempt 3/3: 404 Client Error: Not Found for url: https://openrouter.ai/api/v1/chat/completions
10:45:48 [ERROR]   API error on purity__military__high_utility__plain__L2 run 1: Failed after 3 attempts.
10:45:48 [WARNING]   Could not parse rating for purity__military__high_utility__plain__L2 run 1: 'ERROR: Failed after 3 attempts.'
10:45:48 [INFO]   [80/3400] ETA 6h 4m 8s | loyalty__law__low_utility__delusional__L3
10:45:48 [WARNING] HTTP error attempt 1/3: 404 Client Error: Not Found for url: https://openrouter.ai/api/v1/chat/completions
10:45:50 [WARNING] HTTP error attempt 2/3: 404 Client Error: Not Found for url: https://openrouter.ai/api/v1/chat/completions
10:45:54 [WARNING] HTTP error attempt 3/3: 404 Client Error: Not Found for url: https://openrouter.ai/api/v1/chat/completions
10:45:54 [ERROR]   API error on loyalty__law__low_utility__delusional__L3 run 1: Failed after 3 attempts.
10:45:54 [WARNING]   Could not parse rating for loyalty__law__low_utility__delusional__L3 run 1: 'ERROR: Failed after 3 attempts.'
10:45:55 [INFO]   [81/3400] ETA 6h 3m 59s | fairness__medicine__high_utility__plain__L2
10:45:55 [WARNING] HTTP error attempt 1/3: 404 Client Error: Not Found for url: https://openrouter.ai/api/v1/chat/completions
10:45:57 [WARNING] HTTP error attempt 2/3: 404 Client Error: Not Found for url: https://openrouter.ai/api/v1/chat/completions
10:46:01 [WARNING] HTTP error attempt 3/3: 404 Client Error: Not Found for url: https://openrouter.ai/api/v1/chat/completions
10:46:01 [ERROR]   API error on fairness__medicine__high_utility__plain__L2 run 1: Failed after 3 attempts.
10:46:01 [WARNING]   Could not parse rating for fairness__medicine__high_utility__plain__L2 run 1: 'ERROR: Failed after 3 attempts.'
10:46:01 [INFO]   [82/3400] ETA 6h 3m 53s | control__law__negative__0
10:46:01 [WARNING] HTTP error attempt 1/3: 404 Client Error: Not Found for url: https://openrouter.ai/api/v1/chat/completions
10:46:03 [WARNING] HTTP error attempt 2/3: 404 Client Error: Not Found for url: https://openrouter.ai/api/v1/chat/completions
10:46:08 [WARNING] HTTP error attempt 3/3: 404 Client Error: Not Found for url: https://openrouter.ai/api/v1/chat/completions
10:46:08 [ERROR]   API error on control__law__negative__0 run 1: Failed after 3 attempts.
10:46:08 [WARNING]   Could not parse rating for control__law__negative__0 run 1: 'ERROR: Failed after 3 attempts.'
10:46:08 [INFO]   [83/3400] ETA 6h 3m 46s | authority__military__high_utility__plain__L2
10:46:08 [WARNING] HTTP error attempt 1/3: 404 Client Error: Not Found for url: https://openrouter.ai/api/v1/chat/completions
10:46:10 [WARNING] HTTP error attempt 2/3: 404 Client Error: Not Found for url: https://openrouter.ai/api/v1/chat/completions
10:46:14 [WARNING] HTTP error attempt 3/3: 404 Client Error: Not Found for url: https://openrouter.ai/api/v1/chat/completions
10:46:14 [ERROR]   API error on authority__military__high_utility__plain__L2 run 1: Failed after 3 attempts.
10:46:14 [WARNING]   Could not parse rating for authority__military__high_utility__plain__L2 run 1: 'ERROR: Failed after 3 attempts.'
10:46:14 [INFO]   [84/3400] ETA 6h 3m 45s | loyalty__medicine__high_utility__delusional__L3
10:46:15 [WARNING] HTTP error attempt 1/3: 404 Client Error: Not Found for url: https://openrouter.ai/api/v1/chat/completions
10:46:17 [WARNING] HTTP error attempt 2/3: 404 Client Error: Not Found for url: https://openrouter.ai/api/v1/chat/completions
10:46:21 [WARNING] HTTP error attempt 3/3: 404 Client Error: Not Found for url: https://openrouter.ai/api/v1/chat/completions
10:46:21 [ERROR]   API error on loyalty__medicine__high_utility__delusional__L3 run 1: Failed after 3 attempts.
10:46:21 [WARNING]   Could not parse rating for loyalty__medicine__high_utility__delusional__L3 run 1: 'ERROR: Failed after 3 attempts.'
10:46:21 [INFO]   [85/3400] ETA 6h 3m 39s | fairness__finance_business__low_utility__plain__L3
10:46:21 [WARNING] HTTP error attempt 1/3: 404 Client Error: Not Found for url: https://openrouter.ai/api/v1/chat/completions
10:46:23 [WARNING] HTTP error attempt 2/3: 404 Client Error: Not Found for url: https://openrouter.ai/api/v1/chat/completions
10:46:27 [WARNING] HTTP error attempt 3/3: 404 Client Error: Not Found for url: https://openrouter.ai/api/v1/chat/completions
10:46:27 [ERROR]   API error on fairness__finance_business__low_utility__plain__L3 run 1: Failed after 3 attempts.
10:46:27 [WARNING]   Could not parse rating for fairness__finance_business__low_utility__plain__L3 run 1: 'ERROR: Failed after 3 attempts.'
10:46:28 [INFO]   [86/3400] ETA 6h 3m 31s | care_harm__military__low_utility__plain__L1
10:46:28 [WARNING] HTTP error attempt 1/3: 404 Client Error: Not Found for url: https://openrouter.ai/api/v1/chat/completions
10:46:30 [WARNING] HTTP error attempt 2/3: 404 Client Error: Not Found for url: https://openrouter.ai/api/v1/chat/completions
10:46:34 [WARNING] HTTP error attempt 3/3: 404 Client Error: Not Found for url: https://openrouter.ai/api/v1/chat/completions
10:46:34 [ERROR]   API error on care_harm__military__low_utility__plain__L1 run 1: Failed after 3 attempts.
10:46:34 [WARNING]   Could not parse rating for care_harm__military__low_utility__plain__L1 run 1: 'ERROR: Failed after 3 attempts.'
10:46:34 [INFO]   [87/3400] ETA 6h 3m 24s | purity__medicine__high_utility__delusional__L2
10:46:34 [WARNING] HTTP error attempt 1/3: 404 Client Error: Not Found for url: https://openrouter.ai/api/v1/chat/completions
10:46:36 [WARNING] HTTP error attempt 2/3: 404 Client Error: Not Found for url: https://openrouter.ai/api/v1/chat/completions
10:46:41 [WARNING] HTTP error attempt 3/3: 404 Client Error: Not Found for url: https://openrouter.ai/api/v1/chat/completions
10:46:41 [ERROR]   API error on purity__medicine__high_utility__delusional__L2 run 1: Failed after 3 attempts.
10:46:41 [WARNING]   Could not parse rating for purity__medicine__high_utility__delusional__L2 run 1: 'ERROR: Failed after 3 attempts.'
10:46:41 [INFO]   [88/3400] ETA 6h 3m 16s | purity__law__low_utility__delusional__L1
10:46:41 [WARNING] HTTP error attempt 1/3: 404 Client Error: Not Found for url: https://openrouter.ai/api/v1/chat/completions
10:46:43 [WARNING] HTTP error attempt 2/3: 404 Client Error: Not Found for url: https://openrouter.ai/api/v1/chat/completions
10:46:47 [WARNING] HTTP error attempt 3/3: 404 Client Error: Not Found for url: https://openrouter.ai/api/v1/chat/completions
10:46:47 [ERROR]   API error on purity__law__low_utility__delusional__L1 run 1: Failed after 3 attempts.
10:46:47 [WARNING]   Could not parse rating for purity__law__low_utility__delusional__L1 run 1: 'ERROR: Failed after 3 attempts.'
10:46:47 [INFO]   [89/3400] ETA 6h 3m 8s | loyalty__military__high_utility__plain__L2
10:46:47 [WARNING] HTTP error attempt 1/3: 404 Client Error: Not Found for url: https://openrouter.ai/api/v1/chat/completions
10:46:50 [WARNING] HTTP error attempt 2/3: 404 Client Error: Not Found for url: https://openrouter.ai/api/v1/chat/completions
10:46:54 [WARNING] HTTP error attempt 3/3: 404 Client Error: Not Found for url: https://openrouter.ai/api/v1/chat/completions
10:46:54 [ERROR]   API error on loyalty__military__high_utility__plain__L2 run 1: Failed after 3 attempts.
10:46:54 [WARNING]   Could not parse rating for loyalty__military__high_utility__plain__L2 run 1: 'ERROR: Failed after 3 attempts.'
10:46:54 [INFO]   [90/3400] ETA 6h 3m 1s | authority__finance_business__high_utility__plain__L1
10:46:54 [WARNING] HTTP error attempt 1/3: 404 Client Error: Not Found for url: https://openrouter.ai/api/v1/chat/completions
10:46:56 [WARNING] HTTP error attempt 2/3: 404 Client Error: Not Found for url: https://openrouter.ai/api/v1/chat/completions
10:47:00 [WARNING] HTTP error attempt 3/3: 404 Client Error: Not Found for url: https://openrouter.ai/api/v1/chat/completions
10:47:00 [ERROR]   API error on authority__finance_business__high_utility__plain__L1 run 1: Failed after 3 attempts.
10:47:00 [WARNING]   Could not parse rating for authority__finance_business__high_utility__plain__L1 run 1: 'ERROR: Failed after 3 attempts.'
10:47:00 [INFO]   [91/3400] ETA 6h 2m 52s | authority__personal_family__high_utility__delusional__L3
10:47:01 [WARNING] HTTP error attempt 1/3: 404 Client Error: Not Found for url: https://openrouter.ai/api/v1/chat/completions
10:47:03 [WARNING] HTTP error attempt 2/3: 404 Client Error: Not Found for url: https://openrouter.ai/api/v1/chat/completions
10:47:07 [WARNING] HTTP error attempt 3/3: 404 Client Error: Not Found for url: https://openrouter.ai/api/v1/chat/completions
10:47:07 [ERROR]   API error on authority__personal_family__high_utility__delusional__L3 run 1: Failed after 3 attempts.
10:47:07 [WARNING]   Could not parse rating for authority__personal_family__high_utility__delusional__L3 run 1: 'ERROR: Failed after 3 attempts.'
10:47:07 [INFO]   [92/3400] ETA 6h 2m 48s | care_harm__military__low_utility__delusional__L1
10:47:07 [WARNING] HTTP error attempt 1/3: 404 Client Error: Not Found for url: https://openrouter.ai/api/v1/chat/completions
10:47:09 [WARNING] HTTP error attempt 2/3: 404 Client Error: Not Found for url: https://openrouter.ai/api/v1/chat/completions
10:47:13 [WARNING] HTTP error attempt 3/3: 404 Client Error: Not Found for url: https://openrouter.ai/api/v1/chat/completions
10:47:13 [ERROR]   API error on care_harm__military__low_utility__delusional__L1 run 1: Failed after 3 attempts.
10:47:13 [WARNING]   Could not parse rating for care_harm__military__low_utility__delusional__L1 run 1: 'ERROR: Failed after 3 attempts.'
10:47:13 [INFO]   [93/3400] ETA 6h 2m 40s | purity__finance_business__low_utility__plain__L3
10:47:14 [WARNING] HTTP error attempt 1/3: 404 Client Error: Not Found for url: https://openrouter.ai/api/v1/chat/completions
10:47:16 [WARNING] HTTP error attempt 2/3: 404 Client Error: Not Found for url: https://openrouter.ai/api/v1/chat/completions
10:47:20 [WARNING] HTTP error attempt 3/3: 404 Client Error: Not Found for url: https://openrouter.ai/api/v1/chat/completions
10:47:20 [ERROR]   API error on purity__finance_business__low_utility__plain__L3 run 1: Failed after 3 attempts.
10:47:20 [WARNING]   Could not parse rating for purity__finance_business__low_utility__plain__L3 run 1: 'ERROR: Failed after 3 attempts.'
10:47:20 [INFO]   [94/3400] ETA 6h 2m 33s | loyalty__finance_business__low_utility__plain__L3
10:47:20 [WARNING] HTTP error attempt 1/3: 404 Client Error: Not Found for url: https://openrouter.ai/api/v1/chat/completions
10:47:22 [WARNING] HTTP error attempt 2/3: 404 Client Error: Not Found for url: https://openrouter.ai/api/v1/chat/completions
10:47:27 [WARNING] HTTP error attempt 3/3: 404 Client Error: Not Found for url: https://openrouter.ai/api/v1/chat/completions
10:47:27 [ERROR]   API error on loyalty__finance_business__low_utility__plain__L3 run 1: Failed after 3 attempts.
10:47:27 [WARNING]   Could not parse rating for loyalty__finance_business__low_utility__plain__L3 run 1: 'ERROR: Failed after 3 attempts.'
10:47:27 [INFO]   [95/3400] ETA 6h 2m 27s | authority__personal_family__high_utility__plain__L2
10:47:27 [WARNING] HTTP error attempt 1/3: 404 Client Error: Not Found for url: https://openrouter.ai/api/v1/chat/completions
10:47:29 [WARNING] HTTP error attempt 2/3: 404 Client Error: Not Found for url: https://openrouter.ai/api/v1/chat/completions
10:47:33 [WARNING] HTTP error attempt 3/3: 404 Client Error: Not Found for url: https://openrouter.ai/api/v1/chat/completions
10:47:33 [ERROR]   API error on authority__personal_family__high_utility__plain__L2 run 1: Failed after 3 attempts.
10:47:33 [WARNING]   Could not parse rating for authority__personal_family__high_utility__plain__L2 run 1: 'ERROR: Failed after 3 attempts.'
10:47:33 [INFO]   [96/3400] ETA 6h 2m 19s | care_harm__law__low_utility__plain__L1
10:47:33 [WARNING] HTTP error attempt 1/3: 404 Client Error: Not Found for url: https://openrouter.ai/api/v1/chat/completions
10:47:36 [WARNING] HTTP error attempt 2/3: 404 Client Error: Not Found for url: https://openrouter.ai/api/v1/chat/completions
10:47:40 [WARNING] HTTP error attempt 3/3: 404 Client Error: Not Found for url: https://openrouter.ai/api/v1/chat/completions
10:47:40 [ERROR]   API error on care_harm__law__low_utility__plain__L1 run 1: Failed after 3 attempts.
10:47:40 [WARNING]   Could not parse rating for care_harm__law__low_utility__plain__L1 run 1: 'ERROR: Failed after 3 attempts.'
10:47:40 [INFO]   [97/3400] ETA 6h 2m 14s | loyalty__law__low_utility__delusional__L2
10:47:40 [WARNING] HTTP error attempt 1/3: 404 Client Error: Not Found for url: https://openrouter.ai/api/v1/chat/completions
10:47:42 [WARNING] HTTP error attempt 2/3: 404 Client Error: Not Found for url: https://openrouter.ai/api/v1/chat/completions
10:47:46 [WARNING] HTTP error attempt 3/3: 404 Client Error: Not Found for url: https://openrouter.ai/api/v1/chat/completions
10:47:46 [ERROR]   API error on loyalty__law__low_utility__delusional__L2 run 1: Failed after 3 attempts.
10:47:46 [WARNING]   Could not parse rating for loyalty__law__low_utility__delusional__L2 run 1: 'ERROR: Failed after 3 attempts.'
10:47:46 [INFO]   [98/3400] ETA 6h 2m 7s | loyalty__military__low_utility__delusional__L1
10:47:46 [WARNING] HTTP error attempt 1/3: 404 Client Error: Not Found for url: https://openrouter.ai/api/v1/chat/completions
10:47:49 [WARNING] HTTP error attempt 2/3: 404 Client Error: Not Found for url: https://openrouter.ai/api/v1/chat/completions
10:47:53 [WARNING] HTTP error attempt 3/3: 404 Client Error: Not Found for url: https://openrouter.ai/api/v1/chat/completions
10:47:53 [ERROR]   API error on loyalty__military__low_utility__delusional__L1 run 1: Failed after 3 attempts.
10:47:53 [WARNING]   Could not parse rating for loyalty__military__low_utility__delusional__L1 run 1: 'ERROR: Failed after 3 attempts.'
10:47:53 [INFO]   [99/3400] ETA 6h 1m 59s | authority__law__low_utility__plain__L1
10:47:53 [WARNING] HTTP error attempt 1/3: 404 Client Error: Not Found for url: https://openrouter.ai/api/v1/chat/completions
10:47:55 [WARNING] HTTP error attempt 2/3: 404 Client Error: Not Found for url: https://openrouter.ai/api/v1/chat/completions
10:47:59 [WARNING] HTTP error attempt 3/3: 404 Client Error: Not Found for url: https://openrouter.ai/api/v1/chat/completions
10:47:59 [ERROR]   API error on authority__law__low_utility__plain__L1 run 1: Failed after 3 attempts.
10:47:59 [WARNING]   Could not parse rating for authority__law__low_utility__plain__L1 run 1: 'ERROR: Failed after 3 attempts.'
10:47:59 [INFO]   [100/3400] ETA 6h 1m 51s | control__finance_business__positive__3
10:48:00 [WARNING] HTTP error attempt 1/3: 404 Client Error: Not Found for url: https://openrouter.ai/api/v1/chat/completions
10:48:02 [WARNING] HTTP error attempt 2/3: 404 Client Error: Not Found for url: https://openrouter.ai/api/v1/chat/completions
10:48:06 [WARNING] HTTP error attempt 3/3: 404 Client Error: Not Found for url: https://openrouter.ai/api/v1/chat/completions
10:48:06 [ERROR]   API error on control__finance_business__positive__3 run 1: Failed after 3 attempts.
10:48:06 [WARNING]   Could not parse rating for control__finance_business__positive__3 run 1: 'ERROR: Failed after 3 attempts.'
10:48:06 [INFO]   [101/3400] ETA 6h 1m 44s | care_harm__military__high_utility__plain__L2
10:48:06 [WARNING] HTTP error attempt 1/3: 404 Client Error: Not Found for url: https://openrouter.ai/api/v1/chat/completions
10:48:08 [WARNING] HTTP error attempt 2/3: 404 Client Error: Not Found for url: https://openrouter.ai/api/v1/chat/completions
10:48:12 [WARNING] HTTP error attempt 3/3: 404 Client Error: Not Found for url: https://openrouter.ai/api/v1/chat/completions
10:48:12 [ERROR]   API error on care_harm__military__high_utility__plain__L2 run 1: Failed after 3 attempts.
10:48:12 [WARNING]   Could not parse rating for care_harm__military__high_utility__plain__L2 run 1: 'ERROR: Failed after 3 attempts.'
10:48:13 [INFO]   [102/3400] ETA 6h 1m 37s | care_harm__military__low_utility__delusional__L2
10:48:13 [WARNING] HTTP error attempt 1/3: 404 Client Error: Not Found for url: https://openrouter.ai/api/v1/chat/completions
10:48:15 [WARNING] HTTP error attempt 2/3: 404 Client Error: Not Found for url: https://openrouter.ai/api/v1/chat/completions
10:48:19 [WARNING] HTTP error attempt 3/3: 404 Client Error: Not Found for url: https://openrouter.ai/api/v1/chat/completions
10:48:19 [ERROR]   API error on care_harm__military__low_utility__delusional__L2 run 1: Failed after 3 attempts.
10:48:19 [WARNING]   Could not parse rating for care_harm__military__low_utility__delusional__L2 run 1: 'ERROR: Failed after 3 attempts.'
10:48:19 [INFO]   [103/3400] ETA 6h 1m 32s | authority__law__high_utility__plain__L2
10:48:19 [WARNING] HTTP error attempt 1/3: 404 Client Error: Not Found for url: https://openrouter.ai/api/v1/chat/completions
10:48:21 [WARNING] HTTP error attempt 2/3: 404 Client Error: Not Found for url: https://openrouter.ai/api/v1/chat/completions
10:48:26 [WARNING] HTTP error attempt 3/3: 404 Client Error: Not Found for url: https://openrouter.ai/api/v1/chat/completions
10:48:26 [ERROR]   API error on authority__law__high_utility__plain__L2 run 1: Failed after 3 attempts.
10:48:26 [WARNING]   Could not parse rating for authority__law__high_utility__plain__L2 run 1: 'ERROR: Failed after 3 attempts.'
10:48:26 [INFO]   [104/3400] ETA 6h 1m 24s | care_harm__finance_business__low_utility__plain__L1
10:48:26 [WARNING] HTTP error attempt 1/3: 404 Client Error: Not Found for url: https://openrouter.ai/api/v1/chat/completions
10:48:28 [WARNING] HTTP error attempt 2/3: 404 Client Error: Not Found for url: https://openrouter.ai/api/v1/chat/completions
10:48:32 [WARNING] HTTP error attempt 3/3: 404 Client Error: Not Found for url: https://openrouter.ai/api/v1/chat/completions
10:48:32 [ERROR]   API error on care_harm__finance_business__low_utility__plain__L1 run 1: Failed after 3 attempts.
10:48:32 [WARNING]   Could not parse rating for care_harm__finance_business__low_utility__plain__L1 run 1: 'ERROR: Failed after 3 attempts.'
10:48:32 [INFO]   [105/3400] ETA 6h 1m 20s | care_harm__military__high_utility__delusional__L1
10:48:33 [WARNING] HTTP error attempt 1/3: 404 Client Error: Not Found for url: https://openrouter.ai/api/v1/chat/completions
10:48:35 [WARNING] HTTP error attempt 2/3: 404 Client Error: Not Found for url: https://openrouter.ai/api/v1/chat/completions
10:48:39 [WARNING] HTTP error attempt 3/3: 404 Client Error: Not Found for url: https://openrouter.ai/api/v1/chat/completions
10:48:39 [ERROR]   API error on care_harm__military__high_utility__delusional__L1 run 1: Failed after 3 attempts.
10:48:39 [WARNING]   Could not parse rating for care_harm__military__high_utility__delusional__L1 run 1: 'ERROR: Failed after 3 attempts.'
10:48:39 [INFO]   [106/3400] ETA 6h 1m 13s | care_harm__medicine__low_utility__plain__L2
10:48:39 [WARNING] HTTP error attempt 1/3: 404 Client Error: Not Found for url: https://openrouter.ai/api/v1/chat/completions
10:48:41 [WARNING] HTTP error attempt 2/3: 404 Client Error: Not Found for url: https://openrouter.ai/api/v1/chat/completions
10:48:46 [WARNING] HTTP error attempt 3/3: 404 Client Error: Not Found for url: https://openrouter.ai/api/v1/chat/completions
10:48:46 [ERROR]   API error on care_harm__medicine__low_utility__plain__L2 run 1: Failed after 3 attempts.
10:48:46 [WARNING]   Could not parse rating for care_harm__medicine__low_utility__plain__L2 run 1: 'ERROR: Failed after 3 attempts.'
10:48:47 [INFO]   [107/3400] ETA 6h 1m 37s | fairness__military__high_utility__plain__L1
10:48:47 [WARNING] HTTP error attempt 1/3: 404 Client Error: Not Found for url: https://openrouter.ai/api/v1/chat/completions
10:48:49 [WARNING] HTTP error attempt 2/3: 404 Client Error: Not Found for url: https://openrouter.ai/api/v1/chat/completions
10:48:53 [WARNING] HTTP error attempt 3/3: 404 Client Error: Not Found for url: https://openrouter.ai/api/v1/chat/completions
10:48:53 [ERROR]   API error on fairness__military__high_utility__plain__L1 run 1: Failed after 3 attempts.
10:48:53 [WARNING]   Could not parse rating for fairness__military__high_utility__plain__L1 run 1: 'ERROR: Failed after 3 attempts.'
10:48:53 [INFO]   [108/3400] ETA 6h 1m 30s | fairness__finance_business__high_utility__delusional__L3
10:48:53 [WARNING] HTTP error attempt 1/3: 404 Client Error: Not Found for url: https://openrouter.ai/api/v1/chat/completions
10:48:55 [WARNING] HTTP error attempt 2/3: 404 Client Error: Not Found for url: https://openrouter.ai/api/v1/chat/completions
10:49:00 [WARNING] HTTP error attempt 3/3: 404 Client Error: Not Found for url: https://openrouter.ai/api/v1/chat/completions
10:49:00 [ERROR]   API error on fairness__finance_business__high_utility__delusional__L3 run 1: Failed after 3 attempts.
10:49:00 [WARNING]   Could not parse rating for fairness__finance_business__high_utility__delusional__L3 run 1: 'ERROR: Failed after 3 attempts.'
10:49:00 [INFO]   [109/3400] ETA 6h 1m 21s | care_harm__finance_business__high_utility__delusional__L1
10:49:00 [WARNING] HTTP error attempt 1/3: 404 Client Error: Not Found for url: https://openrouter.ai/api/v1/chat/completions
10:49:02 [WARNING] HTTP error attempt 2/3: 404 Client Error: Not Found for url: https://openrouter.ai/api/v1/chat/completions
10:49:06 [WARNING] HTTP error attempt 3/3: 404 Client Error: Not Found for url: https://openrouter.ai/api/v1/chat/completions
10:49:06 [ERROR]   API error on care_harm__finance_business__high_utility__delusional__L1 run 1: Failed after 3 attempts.
10:49:06 [WARNING]   Could not parse rating for care_harm__finance_business__high_utility__delusional__L1 run 1: 'ERROR: Failed after 3 attempts.'
10:49:06 [INFO]   [110/3400] ETA 6h 1m 13s | loyalty__finance_business__low_utility__plain__L1
10:49:06 [WARNING] HTTP error attempt 1/3: 404 Client Error: Not Found for url: https://openrouter.ai/api/v1/chat/completions
10:49:08 [WARNING] HTTP error attempt 2/3: 404 Client Error: Not Found for url: https://openrouter.ai/api/v1/chat/completions
10:49:13 [WARNING] HTTP error attempt 3/3: 404 Client Error: Not Found for url: https://openrouter.ai/api/v1/chat/completions
10:49:13 [ERROR]   API error on loyalty__finance_business__low_utility__plain__L1 run 1: Failed after 3 attempts.
10:49:13 [WARNING]   Could not parse rating for loyalty__finance_business__low_utility__plain__L1 run 1: 'ERROR: Failed after 3 attempts.'
10:49:13 [INFO]   [111/3400] ETA 6h 1m 18s | care_harm__finance_business__low_utility__plain__L3
10:49:13 [WARNING] HTTP error attempt 1/3: 404 Client Error: Not Found for url: https://openrouter.ai/api/v1/chat/completions
10:49:16 [WARNING] HTTP error attempt 2/3: 404 Client Error: Not Found for url: https://openrouter.ai/api/v1/chat/completions
10:49:20 [WARNING] HTTP error attempt 3/3: 404 Client Error: Not Found for url: https://openrouter.ai/api/v1/chat/completions
10:49:20 [ERROR]   API error on care_harm__finance_business__low_utility__plain__L3 run 1: Failed after 3 attempts.
10:49:20 [WARNING]   Could not parse rating for care_harm__finance_business__low_utility__plain__L3 run 1: 'ERROR: Failed after 3 attempts.'
10:49:20 [INFO]   [112/3400] ETA 6h 1m 13s | care_harm__law__low_utility__plain__L2
10:49:20 [WARNING] HTTP error attempt 1/3: 404 Client Error: Not Found for url: https://openrouter.ai/api/v1/chat/completions
10:49:22 [WARNING] HTTP error attempt 2/3: 404 Client Error: Not Found for url: https://openrouter.ai/api/v1/chat/completions
10:49:26 [WARNING] HTTP error attempt 3/3: 404 Client Error: Not Found for url: https://openrouter.ai/api/v1/chat/completions
10:49:26 [ERROR]   API error on care_harm__law__low_utility__plain__L2 run 1: Failed after 3 attempts.
10:49:26 [WARNING]   Could not parse rating for care_harm__law__low_utility__plain__L2 run 1: 'ERROR: Failed after 3 attempts.'
10:49:26 [INFO]   [113/3400] ETA 6h 1m 4s | purity__finance_business__high_utility__delusional__L2
10:49:27 [WARNING] HTTP error attempt 1/3: 404 Client Error: Not Found for url: https://openrouter.ai/api/v1/chat/completions
10:49:29 [WARNING] HTTP error attempt 2/3: 404 Client Error: Not Found for url: https://openrouter.ai/api/v1/chat/completions
10:49:34 [WARNING] HTTP error attempt 3/3: 404 Client Error: Not Found for url: https://openrouter.ai/api/v1/chat/completions
10:49:34 [ERROR]   API error on purity__finance_business__high_utility__delusional__L2 run 1: Failed after 3 attempts.
10:49:34 [WARNING]   Could not parse rating for purity__finance_business__high_utility__delusional__L2 run 1: 'ERROR: Failed after 3 attempts.'
10:49:34 [INFO]   [114/3400] ETA 6h 1m 34s | fairness__medicine__low_utility__plain__L3
10:49:34 [WARNING] HTTP error attempt 1/3: 404 Client Error: Not Found for url: https://openrouter.ai/api/v1/chat/completions
10:49:36 [WARNING] HTTP error attempt 2/3: 404 Client Error: Not Found for url: https://openrouter.ai/api/v1/chat/completions
10:49:41 [WARNING] HTTP error attempt 3/3: 404 Client Error: Not Found for url: https://openrouter.ai/api/v1/chat/completions
10:49:41 [ERROR]   API error on fairness__medicine__low_utility__plain__L3 run 1: Failed after 3 attempts.
10:49:41 [WARNING]   Could not parse rating for fairness__medicine__low_utility__plain__L3 run 1: 'ERROR: Failed after 3 attempts.'
10:49:41 [INFO]   [115/3400] ETA 6h 1m 26s | care_harm__finance_business__low_utility__delusional__L3
10:49:41 [WARNING] HTTP error attempt 1/3: 404 Client Error: Not Found for url: https://openrouter.ai/api/v1/chat/completions
10:49:43 [WARNING] HTTP error attempt 2/3: 404 Client Error: Not Found for url: https://openrouter.ai/api/v1/chat/completions
10:49:47 [WARNING] HTTP error attempt 3/3: 404 Client Error: Not Found for url: https://openrouter.ai/api/v1/chat/completions
10:49:47 [ERROR]   API error on care_harm__finance_business__low_utility__delusional__L3 run 1: Failed after 3 attempts.
10:49:47 [WARNING]   Could not parse rating for care_harm__finance_business__low_utility__delusional__L3 run 1: 'ERROR: Failed after 3 attempts.'
10:49:47 [INFO]   [116/3400] ETA 6h 1m 19s | fairness__military__high_utility__delusional__L1
10:49:47 [WARNING] HTTP error attempt 1/3: 404 Client Error: Not Found for url: https://openrouter.ai/api/v1/chat/completions
10:49:50 [WARNING] HTTP error attempt 2/3: 404 Client Error: Not Found for url: https://openrouter.ai/api/v1/chat/completions
10:49:54 [WARNING] HTTP error attempt 3/3: 404 Client Error: Not Found for url: https://openrouter.ai/api/v1/chat/completions
10:49:54 [ERROR]   API error on fairness__military__high_utility__delusional__L1 run 1: Failed after 3 attempts.
10:49:54 [WARNING]   Could not parse rating for fairness__military__high_utility__delusional__L1 run 1: 'ERROR: Failed after 3 attempts.'
10:49:54 [INFO]   [117/3400] ETA 6h 1m 10s | fairness__law__low_utility__delusional__L1
10:49:54 [WARNING] HTTP error attempt 1/3: 404 Client Error: Not Found for url: https://openrouter.ai/api/v1/chat/completions
10:49:56 [WARNING] HTTP error attempt 2/3: 404 Client Error: Not Found for url: https://openrouter.ai/api/v1/chat/completions
10:50:00 [WARNING] HTTP error attempt 3/3: 404 Client Error: Not Found for url: https://openrouter.ai/api/v1/chat/completions
10:50:00 [ERROR]   API error on fairness__law__low_utility__delusional__L1 run 1: Failed after 3 attempts.
10:50:00 [WARNING]   Could not parse rating for fairness__law__low_utility__delusional__L1 run 1: 'ERROR: Failed after 3 attempts.'
10:50:00 [INFO]   [118/3400] ETA 6h 1m 1s | control__finance_business__negative__1
10:50:00 [WARNING] HTTP error attempt 1/3: 404 Client Error: Not Found for url: https://openrouter.ai/api/v1/chat/completions
10:50:03 [WARNING] HTTP error attempt 2/3: 404 Client Error: Not Found for url: https://openrouter.ai/api/v1/chat/completions
10:50:07 [WARNING] HTTP error attempt 3/3: 404 Client Error: Not Found for url: https://openrouter.ai/api/v1/chat/completions
10:50:07 [ERROR]   API error on control__finance_business__negative__1 run 1: Failed after 3 attempts.
10:50:07 [WARNING]   Could not parse rating for control__finance_business__negative__1 run 1: 'ERROR: Failed after 3 attempts.'
10:50:07 [INFO]   [119/3400] ETA 6h 1m 7s | purity__law__low_utility__plain__L2
10:50:07 [WARNING] HTTP error attempt 1/3: 404 Client Error: Not Found for url: https://openrouter.ai/api/v1/chat/completions
10:50:10 [WARNING] HTTP error attempt 2/3: 404 Client Error: Not Found for url: https://openrouter.ai/api/v1/chat/completions
10:50:14 [WARNING] HTTP error attempt 3/3: 404 Client Error: Not Found for url: https://openrouter.ai/api/v1/chat/completions
10:50:14 [ERROR]   API error on purity__law__low_utility__plain__L2 run 1: Failed after 3 attempts.
10:50:14 [WARNING]   Could not parse rating for purity__law__low_utility__plain__L2 run 1: 'ERROR: Failed after 3 attempts.'
10:50:14 [INFO]   [120/3400] ETA 6h 0m 59s | fairness__military__low_utility__plain__L2
10:50:14 [WARNING] HTTP error attempt 1/3: 404 Client Error: Not Found for url: https://openrouter.ai/api/v1/chat/completions
10:50:16 [WARNING] HTTP error attempt 2/3: 404 Client Error: Not Found for url: https://openrouter.ai/api/v1/chat/completions
10:50:20 [WARNING] HTTP error attempt 3/3: 404 Client Error: Not Found for url: https://openrouter.ai/api/v1/chat/completions
10:50:20 [ERROR]   API error on fairness__military__low_utility__plain__L2 run 1: Failed after 3 attempts.
10:50:20 [WARNING]   Could not parse rating for fairness__military__low_utility__plain__L2 run 1: 'ERROR: Failed after 3 attempts.'
10:50:20 [INFO]   [121/3400] ETA 6h 0m 52s | authority__finance_business__high_utility__plain__L3
10:50:21 [WARNING] HTTP error attempt 1/3: 404 Client Error: Not Found for url: https://openrouter.ai/api/v1/chat/completions
10:50:23 [WARNING] HTTP error attempt 2/3: 404 Client Error: Not Found for url: https://openrouter.ai/api/v1/chat/completions
10:50:27 [WARNING] HTTP error attempt 3/3: 404 Client Error: Not Found for url: https://openrouter.ai/api/v1/chat/completions
10:50:27 [ERROR]   API error on authority__finance_business__high_utility__plain__L3 run 1: Failed after 3 attempts.
10:50:27 [WARNING]   Could not parse rating for authority__finance_business__high_utility__plain__L3 run 1: 'ERROR: Failed after 3 attempts.'
10:50:27 [INFO]   [122/3400] ETA 6h 0m 45s | loyalty__medicine__high_utility__plain__L2
10:50:27 [WARNING] HTTP error attempt 1/3: 404 Client Error: Not Found for url: https://openrouter.ai/api/v1/chat/completions
10:50:29 [WARNING] HTTP error attempt 2/3: 404 Client Error: Not Found for url: https://openrouter.ai/api/v1/chat/completions
10:50:34 [WARNING] HTTP error attempt 3/3: 404 Client Error: Not Found for url: https://openrouter.ai/api/v1/chat/completions
10:50:34 [ERROR]   API error on loyalty__medicine__high_utility__plain__L2 run 1: Failed after 3 attempts.
10:50:34 [WARNING]   Could not parse rating for loyalty__medicine__high_utility__plain__L2 run 1: 'ERROR: Failed after 3 attempts.'
10:50:34 [INFO]   [123/3400] ETA 6h 0m 38s | authority__finance_business__high_utility__plain__L2
10:50:34 [WARNING] HTTP error attempt 1/3: 404 Client Error: Not Found for url: https://openrouter.ai/api/v1/chat/completions
10:50:36 [WARNING] HTTP error attempt 2/3: 404 Client Error: Not Found for url: https://openrouter.ai/api/v1/chat/completions
10:50:40 [WARNING] HTTP error attempt 3/3: 404 Client Error: Not Found for url: https://openrouter.ai/api/v1/chat/completions
10:50:40 [ERROR]   API error on authority__finance_business__high_utility__plain__L2 run 1: Failed after 3 attempts.
10:50:40 [WARNING]   Could not parse rating for authority__finance_business__high_utility__plain__L2 run 1: 'ERROR: Failed after 3 attempts.'
10:50:40 [INFO]   [124/3400] ETA 6h 0m 30s | purity__finance_business__high_utility__plain__L3
10:50:40 [WARNING] HTTP error attempt 1/3: 404 Client Error: Not Found for url: https://openrouter.ai/api/v1/chat/completions
10:50:42 [WARNING] HTTP error attempt 2/3: 404 Client Error: Not Found for url: https://openrouter.ai/api/v1/chat/completions
10:50:47 [WARNING] HTTP error attempt 3/3: 404 Client Error: Not Found for url: https://openrouter.ai/api/v1/chat/completions
10:50:47 [ERROR]   API error on purity__finance_business__high_utility__plain__L3 run 1: Failed after 3 attempts.
10:50:47 [WARNING]   Could not parse rating for purity__finance_business__high_utility__plain__L3 run 1: 'ERROR: Failed after 3 attempts.'
10:50:48 [INFO]   [125/3400] ETA 6h 0m 43s | care_harm__law__high_utility__plain__L1
10:50:48 [WARNING] HTTP error attempt 1/3: 404 Client Error: Not Found for url: https://openrouter.ai/api/v1/chat/completions
10:50:50 [WARNING] HTTP error attempt 2/3: 404 Client Error: Not Found for url: https://openrouter.ai/api/v1/chat/completions
10:50:54 [WARNING] HTTP error attempt 3/3: 404 Client Error: Not Found for url: https://openrouter.ai/api/v1/chat/completions
10:50:54 [ERROR]   API error on care_harm__law__high_utility__plain__L1 run 1: Failed after 3 attempts.
10:50:54 [WARNING]   Could not parse rating for care_harm__law__high_utility__plain__L1 run 1: 'ERROR: Failed after 3 attempts.'
10:50:54 [INFO]   [126/3400] ETA 6h 0m 36s | authority__finance_business__high_utility__delusional__L1
10:50:54 [WARNING] HTTP error attempt 1/3: 404 Client Error: Not Found for url: https://openrouter.ai/api/v1/chat/completions
10:50:56 [WARNING] HTTP error attempt 2/3: 404 Client Error: Not Found for url: https://openrouter.ai/api/v1/chat/completions
10:51:01 [WARNING] HTTP error attempt 3/3: 404 Client Error: Not Found for url: https://openrouter.ai/api/v1/chat/completions
10:51:01 [ERROR]   API error on authority__finance_business__high_utility__delusional__L1 run 1: Failed after 3 attempts.
10:51:01 [WARNING]   Could not parse rating for authority__finance_business__high_utility__delusional__L1 run 1: 'ERROR: Failed after 3 attempts.'
10:51:01 [INFO]   [127/3400] ETA 6h 0m 29s | fairness__personal_family__low_utility__plain__L1
10:51:01 [WARNING] HTTP error attempt 1/3: 404 Client Error: Not Found for url: https://openrouter.ai/api/v1/chat/completions
10:51:03 [WARNING] HTTP error attempt 2/3: 404 Client Error: Not Found for url: https://openrouter.ai/api/v1/chat/completions
10:51:07 [WARNING] HTTP error attempt 3/3: 404 Client Error: Not Found for url: https://openrouter.ai/api/v1/chat/completions
10:51:07 [ERROR]   API error on fairness__personal_family__low_utility__plain__L1 run 1: Failed after 3 attempts.
10:51:07 [WARNING]   Could not parse rating for fairness__personal_family__low_utility__plain__L1 run 1: 'ERROR: Failed after 3 attempts.'
10:51:07 [INFO]   [128/3400] ETA 6h 0m 23s | loyalty__military__high_utility__delusional__L1
10:51:08 [WARNING] HTTP error attempt 1/3: 404 Client Error: Not Found for url: https://openrouter.ai/api/v1/chat/completions
10:51:10 [WARNING] HTTP error attempt 2/3: 404 Client Error: Not Found for url: https://openrouter.ai/api/v1/chat/completions
10:51:14 [WARNING] HTTP error attempt 3/3: 404 Client Error: Not Found for url: https://openrouter.ai/api/v1/chat/completions
10:51:14 [ERROR]   API error on loyalty__military__high_utility__delusional__L1 run 1: Failed after 3 attempts.
10:51:14 [WARNING]   Could not parse rating for loyalty__military__high_utility__delusional__L1 run 1: 'ERROR: Failed after 3 attempts.'
10:51:14 [INFO]   [129/3400] ETA 6h 0m 17s | authority__personal_family__high_utility__delusional__L2
10:51:14 [WARNING] HTTP error attempt 1/3: 404 Client Error: Not Found for url: https://openrouter.ai/api/v1/chat/completions
10:51:16 [WARNING] HTTP error attempt 2/3: 404 Client Error: Not Found for url: https://openrouter.ai/api/v1/chat/completions
10:51:20 [WARNING] HTTP error attempt 3/3: 404 Client Error: Not Found for url: https://openrouter.ai/api/v1/chat/completions
10:51:20 [ERROR]   API error on authority__personal_family__high_utility__delusional__L2 run 1: Failed after 3 attempts.
10:51:20 [WARNING]   Could not parse rating for authority__personal_family__high_utility__delusional__L2 run 1: 'ERROR: Failed after 3 attempts.'
10:51:21 [INFO]   [130/3400] ETA 6h 0m 8s | authority__finance_business__low_utility__delusional__L3
10:51:21 [WARNING] HTTP error attempt 1/3: 404 Client Error: Not Found for url: https://openrouter.ai/api/v1/chat/completions
10:51:23 [WARNING] HTTP error attempt 2/3: 404 Client Error: Not Found for url: https://openrouter.ai/api/v1/chat/completions
10:51:27 [WARNING] HTTP error attempt 3/3: 404 Client Error: Not Found for url: https://openrouter.ai/api/v1/chat/completions
10:51:27 [ERROR]   API error on authority__finance_business__low_utility__delusional__L3 run 1: Failed after 3 attempts.
10:51:27 [WARNING]   Could not parse rating for authority__finance_business__low_utility__delusional__L3 run 1: 'ERROR: Failed after 3 attempts.'
10:51:27 [INFO]   [131/3400] ETA 6h 0m 1s | care_harm__law__low_utility__plain__L3
10:51:27 [WARNING] HTTP error attempt 1/3: 404 Client Error: Not Found for url: https://openrouter.ai/api/v1/chat/completions
10:51:29 [WARNING] HTTP error attempt 2/3: 404 Client Error: Not Found for url: https://openrouter.ai/api/v1/chat/completions
10:51:34 [WARNING] HTTP error attempt 3/3: 404 Client Error: Not Found for url: https://openrouter.ai/api/v1/chat/completions
10:51:34 [ERROR]   API error on care_harm__law__low_utility__plain__L3 run 1: Failed after 3 attempts.
10:51:34 [WARNING]   Could not parse rating for care_harm__law__low_utility__plain__L3 run 1: 'ERROR: Failed after 3 attempts.'
10:51:34 [INFO]   [132/3400] ETA 5h 59m 53s | loyalty__law__high_utility__plain__L1
10:51:34 [WARNING] HTTP error attempt 1/3: 404 Client Error: Not Found for url: https://openrouter.ai/api/v1/chat/completions
10:51:36 [WARNING] HTTP error attempt 2/3: 404 Client Error: Not Found for url: https://openrouter.ai/api/v1/chat/completions
10:51:40 [WARNING] HTTP error attempt 3/3: 404 Client Error: Not Found for url: https://openrouter.ai/api/v1/chat/completions
10:51:40 [ERROR]   API error on loyalty__law__high_utility__plain__L1 run 1: Failed after 3 attempts.
10:51:40 [WARNING]   Could not parse rating for loyalty__law__high_utility__plain__L1 run 1: 'ERROR: Failed after 3 attempts.'
10:51:40 [INFO]   [133/3400] ETA 5h 59m 46s | control__personal_family__negative__2
10:51:42 [WARNING] HTTP error attempt 1/3: 404 Client Error: Not Found for url: https://openrouter.ai/api/v1/chat/completions
10:51:44 [WARNING] HTTP error attempt 2/3: 404 Client Error: Not Found for url: https://openrouter.ai/api/v1/chat/completions
10:51:48 [WARNING] HTTP error attempt 3/3: 404 Client Error: Not Found for url: https://openrouter.ai/api/v1/chat/completions
10:51:48 [ERROR]   API error on control__personal_family__negative__2 run 1: Failed after 3 attempts.
10:51:48 [WARNING]   Could not parse rating for control__personal_family__negative__2 run 1: 'ERROR: Failed after 3 attempts.'
10:51:48 [INFO]   [134/3400] ETA 6h 0m 15s | purity__law__low_utility__plain__L3
10:51:48 [WARNING] HTTP error attempt 1/3: 404 Client Error: Not Found for url: https://openrouter.ai/api/v1/chat/completions
10:51:51 [WARNING] HTTP error attempt 2/3: 404 Client Error: Not Found for url: https://openrouter.ai/api/v1/chat/completions
10:51:55 [WARNING] HTTP error attempt 3/3: 404 Client Error: Not Found for url: https://openrouter.ai/api/v1/chat/completions
10:51:55 [ERROR]   API error on purity__law__low_utility__plain__L3 run 1: Failed after 3 attempts.
10:51:55 [WARNING]   Could not parse rating for purity__law__low_utility__plain__L3 run 1: 'ERROR: Failed after 3 attempts.'
10:51:55 [INFO]   [135/3400] ETA 6h 0m 7s | authority__law__high_utility__plain__L1
10:51:55 [WARNING] HTTP error attempt 1/3: 404 Client Error: Not Found for url: https://openrouter.ai/api/v1/chat/completions
10:51:57 [WARNING] HTTP error attempt 2/3: 404 Client Error: Not Found for url: https://openrouter.ai/api/v1/chat/completions
10:52:01 [WARNING] HTTP error attempt 3/3: 404 Client Error: Not Found for url: https://openrouter.ai/api/v1/chat/completions
10:52:01 [ERROR]   API error on authority__law__high_utility__plain__L1 run 1: Failed after 3 attempts.
10:52:01 [WARNING]   Could not parse rating for authority__law__high_utility__plain__L1 run 1: 'ERROR: Failed after 3 attempts.'
10:52:01 [INFO]   [136/3400] ETA 6h 0m 0s | care_harm__personal_family__high_utility__plain__L2
10:52:02 [WARNING] HTTP error attempt 1/3: 404 Client Error: Not Found for url: https://openrouter.ai/api/v1/chat/completions
10:52:04 [WARNING] HTTP error attempt 2/3: 404 Client Error: Not Found for url: https://openrouter.ai/api/v1/chat/completions
10:52:08 [WARNING] HTTP error attempt 3/3: 404 Client Error: Not Found for url: https://openrouter.ai/api/v1/chat/completions
10:52:08 [ERROR]   API error on care_harm__personal_family__high_utility__plain__L2 run 1: Failed after 3 attempts.
10:52:08 [WARNING]   Could not parse rating for care_harm__personal_family__high_utility__plain__L2 run 1: 'ERROR: Failed after 3 attempts.'
10:52:08 [INFO]   [137/3400] ETA 5h 59m 54s | fairness__medicine__low_utility__plain__L1
10:52:08 [WARNING] HTTP error attempt 1/3: 404 Client Error: Not Found for url: https://openrouter.ai/api/v1/chat/completions
10:52:10 [WARNING] HTTP error attempt 2/3: 404 Client Error: Not Found for url: https://openrouter.ai/api/v1/chat/completions
10:52:15 [WARNING] HTTP error attempt 3/3: 404 Client Error: Not Found for url: https://openrouter.ai/api/v1/chat/completions
10:52:15 [ERROR]   API error on fairness__medicine__low_utility__plain__L1 run 1: Failed after 3 attempts.
10:52:15 [WARNING]   Could not parse rating for fairness__medicine__low_utility__plain__L1 run 1: 'ERROR: Failed after 3 attempts.'
10:52:15 [INFO]   [138/3400] ETA 5h 59m 47s | purity__medicine__high_utility__delusional__L3
10:52:15 [WARNING] HTTP error attempt 1/3: 404 Client Error: Not Found for url: https://openrouter.ai/api/v1/chat/completions
10:52:17 [WARNING] HTTP error attempt 2/3: 404 Client Error: Not Found for url: https://openrouter.ai/api/v1/chat/completions
10:52:21 [WARNING] HTTP error attempt 3/3: 404 Client Error: Not Found for url: https://openrouter.ai/api/v1/chat/completions
10:52:21 [ERROR]   API error on purity__medicine__high_utility__delusional__L3 run 1: Failed after 3 attempts.
10:52:21 [WARNING]   Could not parse rating for purity__medicine__high_utility__delusional__L3 run 1: 'ERROR: Failed after 3 attempts.'
10:52:21 [INFO]   [139/3400] ETA 5h 59m 45s | control__finance_business__negative__0
10:52:22 [WARNING] HTTP error attempt 1/3: 404 Client Error: Not Found for url: https://openrouter.ai/api/v1/chat/completions
10:52:24 [WARNING] HTTP error attempt 2/3: 404 Client Error: Not Found for url: https://openrouter.ai/api/v1/chat/completions
10:52:28 [WARNING] HTTP error attempt 3/3: 404 Client Error: Not Found for url: https://openrouter.ai/api/v1/chat/completions
10:52:28 [ERROR]   API error on control__finance_business__negative__0 run 1: Failed after 3 attempts.
10:52:28 [WARNING]   Could not parse rating for control__finance_business__negative__0 run 1: 'ERROR: Failed after 3 attempts.'
10:52:28 [INFO]   [140/3400] ETA 5h 59m 36s | loyalty__military__high_utility__delusional__L3
10:52:28 [WARNING] HTTP error attempt 1/3: 404 Client Error: Not Found for url: https://openrouter.ai/api/v1/chat/completions
10:52:30 [WARNING] HTTP error attempt 2/3: 404 Client Error: Not Found for url: https://openrouter.ai/api/v1/chat/completions
10:52:34 [WARNING] HTTP error attempt 3/3: 404 Client Error: Not Found for url: https://openrouter.ai/api/v1/chat/completions
10:52:34 [ERROR]   API error on loyalty__military__high_utility__delusional__L3 run 1: Failed after 3 attempts.
10:52:34 [WARNING]   Could not parse rating for loyalty__military__high_utility__delusional__L3 run 1: 'ERROR: Failed after 3 attempts.'
10:52:35 [INFO]   [141/3400] ETA 5h 59m 28s | control__finance_business__negative__2
10:52:35 [WARNING] HTTP error attempt 1/3: 404 Client Error: Not Found for url: https://openrouter.ai/api/v1/chat/completions
10:52:37 [WARNING] HTTP error attempt 2/3: 404 Client Error: Not Found for url: https://openrouter.ai/api/v1/chat/completions
10:52:41 [WARNING] HTTP error attempt 3/3: 404 Client Error: Not Found for url: https://openrouter.ai/api/v1/chat/completions
10:52:41 [ERROR]   API error on control__finance_business__negative__2 run 1: Failed after 3 attempts.
10:52:41 [WARNING]   Could not parse rating for control__finance_business__negative__2 run 1: 'ERROR: Failed after 3 attempts.'
10:52:41 [INFO]   [142/3400] ETA 5h 59m 21s | purity__military__low_utility__delusional__L2
10:52:41 [WARNING] HTTP error attempt 1/3: 404 Client Error: Not Found for url: https://openrouter.ai/api/v1/chat/completions
10:52:43 [WARNING] HTTP error attempt 2/3: 404 Client Error: Not Found for url: https://openrouter.ai/api/v1/chat/completions
10:52:48 [WARNING] HTTP error attempt 3/3: 404 Client Error: Not Found for url: https://openrouter.ai/api/v1/chat/completions
10:52:48 [ERROR]   API error on purity__military__low_utility__delusional__L2 run 1: Failed after 3 attempts.
10:52:48 [WARNING]   Could not parse rating for purity__military__low_utility__delusional__L2 run 1: 'ERROR: Failed after 3 attempts.'
10:52:48 [INFO]   [143/3400] ETA 5h 59m 13s | fairness__personal_family__low_utility__plain__L3
10:52:48 [WARNING] HTTP error attempt 1/3: 404 Client Error: Not Found for url: https://openrouter.ai/api/v1/chat/completions
10:52:50 [WARNING] HTTP error attempt 2/3: 404 Client Error: Not Found for url: https://openrouter.ai/api/v1/chat/completions
10:52:54 [WARNING] HTTP error attempt 3/3: 404 Client Error: Not Found for url: https://openrouter.ai/api/v1/chat/completions
10:52:54 [ERROR]   API error on fairness__personal_family__low_utility__plain__L3 run 1: Failed after 3 attempts.
10:52:54 [WARNING]   Could not parse rating for fairness__personal_family__low_utility__plain__L3 run 1: 'ERROR: Failed after 3 attempts.'
10:52:54 [INFO]   [144/3400] ETA 5h 59m 5s | purity__finance_business__high_utility__plain__L2
10:52:54 [WARNING] HTTP error attempt 1/3: 404 Client Error: Not Found for url: https://openrouter.ai/api/v1/chat/completions
10:52:57 [WARNING] HTTP error attempt 2/3: 404 Client Error: Not Found for url: https://openrouter.ai/api/v1/chat/completions
10:53:01 [WARNING] HTTP error attempt 3/3: 404 Client Error: Not Found for url: https://openrouter.ai/api/v1/chat/completions
10:53:01 [ERROR]   API error on purity__finance_business__high_utility__plain__L2 run 1: Failed after 3 attempts.
10:53:01 [WARNING]   Could not parse rating for purity__finance_business__high_utility__plain__L2 run 1: 'ERROR: Failed after 3 attempts.'
10:53:01 [INFO]   [145/3400] ETA 5h 58m 56s | loyalty__law__high_utility__plain__L3
10:53:01 [WARNING] HTTP error attempt 1/3: 404 Client Error: Not Found for url: https://openrouter.ai/api/v1/chat/completions
10:53:03 [WARNING] HTTP error attempt 2/3: 404 Client Error: Not Found for url: https://openrouter.ai/api/v1/chat/completions
10:53:07 [WARNING] HTTP error attempt 3/3: 404 Client Error: Not Found for url: https://openrouter.ai/api/v1/chat/completions
10:53:07 [ERROR]   API error on loyalty__law__high_utility__plain__L3 run 1: Failed after 3 attempts.
10:53:07 [WARNING]   Could not parse rating for loyalty__law__high_utility__plain__L3 run 1: 'ERROR: Failed after 3 attempts.'
10:53:07 [INFO]   [146/3400] ETA 5h 58m 48s | fairness__personal_family__low_utility__plain__L2
10:53:07 [WARNING] HTTP error attempt 1/3: 404 Client Error: Not Found for url: https://openrouter.ai/api/v1/chat/completions
10:53:10 [WARNING] HTTP error attempt 2/3: 404 Client Error: Not Found for url: https://openrouter.ai/api/v1/chat/completions
10:53:14 [WARNING] HTTP error attempt 3/3: 404 Client Error: Not Found for url: https://openrouter.ai/api/v1/chat/completions
10:53:14 [ERROR]   API error on fairness__personal_family__low_utility__plain__L2 run 1: Failed after 3 attempts.
10:53:14 [WARNING]   Could not parse rating for fairness__personal_family__low_utility__plain__L2 run 1: 'ERROR: Failed after 3 attempts.'
10:53:14 [INFO]   [147/3400] ETA 5h 58m 40s | purity__personal_family__low_utility__plain__L1
10:53:14 [WARNING] HTTP error attempt 1/3: 404 Client Error: Not Found for url: https://openrouter.ai/api/v1/chat/completions
10:53:16 [WARNING] HTTP error attempt 2/3: 404 Client Error: Not Found for url: https://openrouter.ai/api/v1/chat/completions
10:53:20 [WARNING] HTTP error attempt 3/3: 404 Client Error: Not Found for url: https://openrouter.ai/api/v1/chat/completions
10:53:20 [ERROR]   API error on purity__personal_family__low_utility__plain__L1 run 1: Failed after 3 attempts.
10:53:20 [WARNING]   Could not parse rating for purity__personal_family__low_utility__plain__L1 run 1: 'ERROR: Failed after 3 attempts.'
10:53:20 [INFO]   [148/3400] ETA 5h 58m 33s | authority__military__high_utility__plain__L1
10:53:21 [WARNING] HTTP error attempt 1/3: 404 Client Error: Not Found for url: https://openrouter.ai/api/v1/chat/completions
10:53:23 [WARNING] HTTP error attempt 2/3: 404 Client Error: Not Found for url: https://openrouter.ai/api/v1/chat/completions
10:53:27 [WARNING] HTTP error attempt 3/3: 404 Client Error: Not Found for url: https://openrouter.ai/api/v1/chat/completions
10:53:27 [ERROR]   API error on authority__military__high_utility__plain__L1 run 1: Failed after 3 attempts.
10:53:27 [WARNING]   Could not parse rating for authority__military__high_utility__plain__L1 run 1: 'ERROR: Failed after 3 attempts.'
10:53:27 [INFO]   [149/3400] ETA 5h 58m 26s | control__personal_family__negative__0
10:53:27 [WARNING] HTTP error attempt 1/3: 404 Client Error: Not Found for url: https://openrouter.ai/api/v1/chat/completions
10:53:29 [WARNING] HTTP error attempt 2/3: 404 Client Error: Not Found for url: https://openrouter.ai/api/v1/chat/completions
10:53:34 [WARNING] HTTP error attempt 3/3: 404 Client Error: Not Found for url: https://openrouter.ai/api/v1/chat/completions
10:53:34 [ERROR]   API error on control__personal_family__negative__0 run 1: Failed after 3 attempts.
10:53:34 [WARNING]   Could not parse rating for control__personal_family__negative__0 run 1: 'ERROR: Failed after 3 attempts.'
10:53:34 [INFO]   [150/3400] ETA 5h 58m 18s | fairness__finance_business__low_utility__plain__L2
10:53:34 [WARNING] HTTP error attempt 1/3: 404 Client Error: Not Found for url: https://openrouter.ai/api/v1/chat/completions
10:53:36 [WARNING] HTTP error attempt 2/3: 404 Client Error: Not Found for url: https://openrouter.ai/api/v1/chat/completions
10:53:40 [WARNING] HTTP error attempt 3/3: 404 Client Error: Not Found for url: https://openrouter.ai/api/v1/chat/completions
10:53:40 [ERROR]   API error on fairness__finance_business__low_utility__plain__L2 run 1: Failed after 3 attempts.
10:53:40 [WARNING]   Could not parse rating for fairness__finance_business__low_utility__plain__L2 run 1: 'ERROR: Failed after 3 attempts.'
10:53:40 [INFO]   [151/3400] ETA 5h 58m 10s | fairness__law__high_utility__plain__L2
10:53:40 [WARNING] HTTP error attempt 1/3: 404 Client Error: Not Found for url: https://openrouter.ai/api/v1/chat/completions
10:53:42 [WARNING] HTTP error attempt 2/3: 404 Client Error: Not Found for url: https://openrouter.ai/api/v1/chat/completions
10:53:47 [WARNING] HTTP error attempt 3/3: 404 Client Error: Not Found for url: https://openrouter.ai/api/v1/chat/completions
10:53:47 [ERROR]   API error on fairness__law__high_utility__plain__L2 run 1: Failed after 3 attempts.
10:53:47 [WARNING]   Could not parse rating for fairness__law__high_utility__plain__L2 run 1: 'ERROR: Failed after 3 attempts.'
10:53:47 [INFO]   [152/3400] ETA 5h 58m 2s | authority__law__high_utility__plain__L3
10:53:47 [WARNING] HTTP error attempt 1/3: 404 Client Error: Not Found for url: https://openrouter.ai/api/v1/chat/completions
10:53:49 [WARNING] HTTP error attempt 2/3: 404 Client Error: Not Found for url: https://openrouter.ai/api/v1/chat/completions
10:53:53 [WARNING] HTTP error attempt 3/3: 404 Client Error: Not Found for url: https://openrouter.ai/api/v1/chat/completions
10:53:53 [ERROR]   API error on authority__law__high_utility__plain__L3 run 1: Failed after 3 attempts.
10:53:53 [WARNING]   Could not parse rating for authority__law__high_utility__plain__L3 run 1: 'ERROR: Failed after 3 attempts.'
10:53:53 [INFO]   [153/3400] ETA 5h 57m 55s | purity__law__high_utility__plain__L2
10:53:53 [WARNING] HTTP error attempt 1/3: 404 Client Error: Not Found for url: https://openrouter.ai/api/v1/chat/completions
10:53:56 [WARNING] HTTP error attempt 2/3: 404 Client Error: Not Found for url: https://openrouter.ai/api/v1/chat/completions
10:54:00 [WARNING] HTTP error attempt 3/3: 404 Client Error: Not Found for url: https://openrouter.ai/api/v1/chat/completions
10:54:00 [ERROR]   API error on purity__law__high_utility__plain__L2 run 1: Failed after 3 attempts.
10:54:00 [WARNING]   Could not parse rating for purity__law__high_utility__plain__L2 run 1: 'ERROR: Failed after 3 attempts.'
10:54:00 [INFO]   [154/3400] ETA 5h 57m 48s | authority__medicine__low_utility__delusional__L3
10:54:00 [WARNING] HTTP error attempt 1/3: 404 Client Error: Not Found for url: https://openrouter.ai/api/v1/chat/completions
10:54:02 [WARNING] HTTP error attempt 2/3: 404 Client Error: Not Found for url: https://openrouter.ai/api/v1/chat/completions
10:54:06 [WARNING] HTTP error attempt 3/3: 404 Client Error: Not Found for url: https://openrouter.ai/api/v1/chat/completions
10:54:06 [ERROR]   API error on authority__medicine__low_utility__delusional__L3 run 1: Failed after 3 attempts.
10:54:06 [WARNING]   Could not parse rating for authority__medicine__low_utility__delusional__L3 run 1: 'ERROR: Failed after 3 attempts.'
10:54:07 [INFO]   [155/3400] ETA 5h 57m 41s | fairness__finance_business__low_utility__delusional__L2
10:54:07 [WARNING] HTTP error attempt 1/3: 404 Client Error: Not Found for url: https://openrouter.ai/api/v1/chat/completions
10:54:09 [WARNING] HTTP error attempt 2/3: 404 Client Error: Not Found for url: https://openrouter.ai/api/v1/chat/completions
10:54:13 [WARNING] HTTP error attempt 3/3: 404 Client Error: Not Found for url: https://openrouter.ai/api/v1/chat/completions
10:54:13 [ERROR]   API error on fairness__finance_business__low_utility__delusional__L2 run 1: Failed after 3 attempts.
10:54:13 [WARNING]   Could not parse rating for fairness__finance_business__low_utility__delusional__L2 run 1: 'ERROR: Failed after 3 attempts.'
10:54:13 [INFO]   [156/3400] ETA 5h 57m 34s | authority__medicine__high_utility__delusional__L1
10:54:13 [WARNING] HTTP error attempt 1/3: 404 Client Error: Not Found for url: https://openrouter.ai/api/v1/chat/completions
10:54:15 [WARNING] HTTP error attempt 2/3: 404 Client Error: Not Found for url: https://openrouter.ai/api/v1/chat/completions
10:54:20 [WARNING] HTTP error attempt 3/3: 404 Client Error: Not Found for url: https://openrouter.ai/api/v1/chat/completions
10:54:20 [ERROR]   API error on authority__medicine__high_utility__delusional__L1 run 1: Failed after 3 attempts.
10:54:20 [WARNING]   Could not parse rating for authority__medicine__high_utility__delusional__L1 run 1: 'ERROR: Failed after 3 attempts.'
10:54:20 [INFO]   [157/3400] ETA 5h 57m 25s | authority__medicine__high_utility__plain__L3
10:54:20 [WARNING] HTTP error attempt 1/3: 404 Client Error: Not Found for url: https://openrouter.ai/api/v1/chat/completions
10:54:22 [WARNING] HTTP error attempt 2/3: 404 Client Error: Not Found for url: https://openrouter.ai/api/v1/chat/completions
10:54:26 [WARNING] HTTP error attempt 3/3: 404 Client Error: Not Found for url: https://openrouter.ai/api/v1/chat/completions
10:54:26 [ERROR]   API error on authority__medicine__high_utility__plain__L3 run 1: Failed after 3 attempts.
10:54:26 [WARNING]   Could not parse rating for authority__medicine__high_utility__plain__L3 run 1: 'ERROR: Failed after 3 attempts.'
10:54:26 [INFO]   [158/3400] ETA 5h 57m 18s | purity__finance_business__high_utility__delusional__L3
10:54:26 [WARNING] HTTP error attempt 1/3: 404 Client Error: Not Found for url: https://openrouter.ai/api/v1/chat/completions
10:54:29 [WARNING] HTTP error attempt 2/3: 404 Client Error: Not Found for url: https://openrouter.ai/api/v1/chat/completions
10:54:33 [WARNING] HTTP error attempt 3/3: 404 Client Error: Not Found for url: https://openrouter.ai/api/v1/chat/completions
10:54:33 [ERROR]   API error on purity__finance_business__high_utility__delusional__L3 run 1: Failed after 3 attempts.
10:54:33 [WARNING]   Could not parse rating for purity__finance_business__high_utility__delusional__L3 run 1: 'ERROR: Failed after 3 attempts.'
10:54:33 [INFO]   [159/3400] ETA 5h 57m 12s | fairness__personal_family__high_utility__delusional__L3
10:54:33 [WARNING] HTTP error attempt 1/3: 404 Client Error: Not Found for url: https://openrouter.ai/api/v1/chat/completions
10:54:36 [WARNING] HTTP error attempt 2/3: 404 Client Error: Not Found for url: https://openrouter.ai/api/v1/chat/completions
10:54:40 [WARNING] HTTP error attempt 3/3: 404 Client Error: Not Found for url: https://openrouter.ai/api/v1/chat/completions
10:54:40 [ERROR]   API error on fairness__personal_family__high_utility__delusional__L3 run 1: Failed after 3 attempts.
10:54:40 [WARNING]   Could not parse rating for fairness__personal_family__high_utility__delusional__L3 run 1: 'ERROR: Failed after 3 attempts.'
10:54:40 [INFO]   [160/3400] ETA 5h 57m 19s | authority__medicine__low_utility__plain__L3
10:54:40 [WARNING] HTTP error attempt 1/3: 404 Client Error: Not Found for url: https://openrouter.ai/api/v1/chat/completions
10:54:42 [WARNING] HTTP error attempt 2/3: 404 Client Error: Not Found for url: https://openrouter.ai/api/v1/chat/completions
10:54:47 [WARNING] HTTP error attempt 3/3: 404 Client Error: Not Found for url: https://openrouter.ai/api/v1/chat/completions
10:54:47 [ERROR]   API error on authority__medicine__low_utility__plain__L3 run 1: Failed after 3 attempts.
10:54:47 [WARNING]   Could not parse rating for authority__medicine__low_utility__plain__L3 run 1: 'ERROR: Failed after 3 attempts.'
10:54:47 [INFO]   [161/3400] ETA 5h 57m 11s | care_harm__finance_business__low_utility__plain__L2
10:54:47 [WARNING] HTTP error attempt 1/3: 404 Client Error: Not Found for url: https://openrouter.ai/api/v1/chat/completions
10:54:49 [WARNING] HTTP error attempt 2/3: 404 Client Error: Not Found for url: https://openrouter.ai/api/v1/chat/completions
10:54:53 [WARNING] HTTP error attempt 3/3: 404 Client Error: Not Found for url: https://openrouter.ai/api/v1/chat/completions
10:54:53 [ERROR]   API error on care_harm__finance_business__low_utility__plain__L2 run 1: Failed after 3 attempts.
10:54:53 [WARNING]   Could not parse rating for care_harm__finance_business__low_utility__plain__L2 run 1: 'ERROR: Failed after 3 attempts.'
10:54:53 [INFO]   [162/3400] ETA 5h 57m 4s | care_harm__medicine__high_utility__plain__L1
10:54:53 [WARNING] HTTP error attempt 1/3: 404 Client Error: Not Found for url: https://openrouter.ai/api/v1/chat/completions
10:54:56 [WARNING] HTTP error attempt 2/3: 404 Client Error: Not Found for url: https://openrouter.ai/api/v1/chat/completions
10:55:00 [WARNING] HTTP error attempt 3/3: 404 Client Error: Not Found for url: https://openrouter.ai/api/v1/chat/completions
10:55:00 [ERROR]   API error on care_harm__medicine__high_utility__plain__L1 run 1: Failed after 3 attempts.
10:55:00 [WARNING]   Could not parse rating for care_harm__medicine__high_utility__plain__L1 run 1: 'ERROR: Failed after 3 attempts.'
10:55:00 [INFO]   [163/3400] ETA 5h 56m 57s | purity__finance_business__low_utility__delusional__L1
10:55:00 [WARNING] HTTP error attempt 1/3: 404 Client Error: Not Found for url: https://openrouter.ai/api/v1/chat/completions
10:55:02 [WARNING] HTTP error attempt 2/3: 404 Client Error: Not Found for url: https://openrouter.ai/api/v1/chat/completions
10:55:06 [WARNING] HTTP error attempt 3/3: 404 Client Error: Not Found for url: https://openrouter.ai/api/v1/chat/completions
10:55:06 [ERROR]   API error on purity__finance_business__low_utility__delusional__L1 run 1: Failed after 3 attempts.
10:55:06 [WARNING]   Could not parse rating for purity__finance_business__low_utility__delusional__L1 run 1: 'ERROR: Failed after 3 attempts.'
10:55:06 [INFO]   [164/3400] ETA 5h 56m 50s | loyalty__medicine__low_utility__delusional__L2
10:55:07 [WARNING] HTTP error attempt 1/3: 404 Client Error: Not Found for url: https://openrouter.ai/api/v1/chat/completions
10:55:09 [WARNING] HTTP error attempt 2/3: 404 Client Error: Not Found for url: https://openrouter.ai/api/v1/chat/completions
10:55:13 [WARNING] HTTP error attempt 3/3: 404 Client Error: Not Found for url: https://openrouter.ai/api/v1/chat/completions
10:55:13 [ERROR]   API error on loyalty__medicine__low_utility__delusional__L2 run 1: Failed after 3 attempts.
10:55:13 [WARNING]   Could not parse rating for loyalty__medicine__low_utility__delusional__L2 run 1: 'ERROR: Failed after 3 attempts.'
10:55:13 [INFO]   [165/3400] ETA 5h 56m 42s | authority__finance_business__low_utility__delusional__L2
10:55:13 [WARNING] HTTP error attempt 1/3: 404 Client Error: Not Found for url: https://openrouter.ai/api/v1/chat/completions
10:55:15 [WARNING] HTTP error attempt 2/3: 404 Client Error: Not Found for url: https://openrouter.ai/api/v1/chat/completions
10:55:19 [WARNING] HTTP error attempt 3/3: 404 Client Error: Not Found for url: https://openrouter.ai/api/v1/chat/completions
10:55:19 [ERROR]   API error on authority__finance_business__low_utility__delusional__L2 run 1: Failed after 3 attempts.
10:55:19 [WARNING]   Could not parse rating for authority__finance_business__low_utility__delusional__L2 run 1: 'ERROR: Failed after 3 attempts.'
10:55:20 [INFO]   [166/3400] ETA 5h 56m 35s | purity__law__low_utility__delusional__L2
10:55:20 [WARNING] HTTP error attempt 1/3: 404 Client Error: Not Found for url: https://openrouter.ai/api/v1/chat/completions
10:55:22 [WARNING] HTTP error attempt 2/3: 404 Client Error: Not Found for url: https://openrouter.ai/api/v1/chat/completions
10:55:26 [WARNING] HTTP error attempt 3/3: 404 Client Error: Not Found for url: https://openrouter.ai/api/v1/chat/completions
10:55:26 [ERROR]   API error on purity__law__low_utility__delusional__L2 run 1: Failed after 3 attempts.
10:55:26 [WARNING]   Could not parse rating for purity__law__low_utility__delusional__L2 run 1: 'ERROR: Failed after 3 attempts.'
10:55:26 [INFO]   [167/3400] ETA 5h 56m 30s | care_harm__medicine__high_utility__delusional__L2
10:55:26 [WARNING] HTTP error attempt 1/3: 404 Client Error: Not Found for url: https://openrouter.ai/api/v1/chat/completions
10:55:29 [WARNING] HTTP error attempt 2/3: 404 Client Error: Not Found for url: https://openrouter.ai/api/v1/chat/completions
10:55:33 [WARNING] HTTP error attempt 3/3: 404 Client Error: Not Found for url: https://openrouter.ai/api/v1/chat/completions
10:55:33 [ERROR]   API error on care_harm__medicine__high_utility__delusional__L2 run 1: Failed after 3 attempts.
10:55:33 [WARNING]   Could not parse rating for care_harm__medicine__high_utility__delusional__L2 run 1: 'ERROR: Failed after 3 attempts.'
10:55:33 [INFO]   [168/3400] ETA 5h 56m 23s | fairness__law__high_utility__delusional__L1
10:55:33 [WARNING] HTTP error attempt 1/3: 404 Client Error: Not Found for url: https://openrouter.ai/api/v1/chat/completions
10:55:35 [WARNING] HTTP error attempt 2/3: 404 Client Error: Not Found for url: https://openrouter.ai/api/v1/chat/completions
10:55:39 [WARNING] HTTP error attempt 3/3: 404 Client Error: Not Found for url: https://openrouter.ai/api/v1/chat/completions
10:55:39 [ERROR]   API error on fairness__law__high_utility__delusional__L1 run 1: Failed after 3 attempts.
10:55:39 [WARNING]   Could not parse rating for fairness__law__high_utility__delusional__L1 run 1: 'ERROR: Failed after 3 attempts.'
10:55:39 [INFO]   [169/3400] ETA 5h 56m 15s | loyalty__finance_business__high_utility__plain__L2
10:55:40 [WARNING] HTTP error attempt 1/3: 404 Client Error: Not Found for url: https://openrouter.ai/api/v1/chat/completions
10:55:42 [WARNING] HTTP error attempt 2/3: 404 Client Error: Not Found for url: https://openrouter.ai/api/v1/chat/completions
10:55:46 [WARNING] HTTP error attempt 3/3: 404 Client Error: Not Found for url: https://openrouter.ai/api/v1/chat/completions
10:55:46 [ERROR]   API error on loyalty__finance_business__high_utility__plain__L2 run 1: Failed after 3 attempts.
10:55:46 [WARNING]   Could not parse rating for loyalty__finance_business__high_utility__plain__L2 run 1: 'ERROR: Failed after 3 attempts.'
10:55:46 [INFO]   [170/3400] ETA 5h 56m 10s | purity__medicine__low_utility__delusional__L3
10:55:46 [WARNING] HTTP error attempt 1/3: 404 Client Error: Not Found for url: https://openrouter.ai/api/v1/chat/completions
10:55:48 [WARNING] HTTP error attempt 2/3: 404 Client Error: Not Found for url: https://openrouter.ai/api/v1/chat/completions
10:55:53 [WARNING] HTTP error attempt 3/3: 404 Client Error: Not Found for url: https://openrouter.ai/api/v1/chat/completions
10:55:53 [ERROR]   API error on purity__medicine__low_utility__delusional__L3 run 1: Failed after 3 attempts.
10:55:53 [WARNING]   Could not parse rating for purity__medicine__low_utility__delusional__L3 run 1: 'ERROR: Failed after 3 attempts.'
10:55:53 [INFO]   [171/3400] ETA 5h 56m 2s | purity__law__low_utility__plain__L1
10:55:53 [WARNING] HTTP error attempt 1/3: 404 Client Error: Not Found for url: https://openrouter.ai/api/v1/chat/completions
10:55:55 [WARNING] HTTP error attempt 2/3: 404 Client Error: Not Found for url: https://openrouter.ai/api/v1/chat/completions
10:55:59 [WARNING] HTTP error attempt 3/3: 404 Client Error: Not Found for url: https://openrouter.ai/api/v1/chat/completions
10:55:59 [ERROR]   API error on purity__law__low_utility__plain__L1 run 1: Failed after 3 attempts.
10:55:59 [WARNING]   Could not parse rating for purity__law__low_utility__plain__L1 run 1: 'ERROR: Failed after 3 attempts.'
10:55:59 [INFO]   [172/3400] ETA 5h 55m 54s | authority__military__low_utility__delusional__L3
10:55:59 [WARNING] HTTP error attempt 1/3: 404 Client Error: Not Found for url: https://openrouter.ai/api/v1/chat/completions
10:56:02 [WARNING] HTTP error attempt 2/3: 404 Client Error: Not Found for url: https://openrouter.ai/api/v1/chat/completions
10:56:06 [WARNING] HTTP error attempt 3/3: 404 Client Error: Not Found for url: https://openrouter.ai/api/v1/chat/completions
10:56:06 [ERROR]   API error on authority__military__low_utility__delusional__L3 run 1: Failed after 3 attempts.
10:56:06 [WARNING]   Could not parse rating for authority__military__low_utility__delusional__L3 run 1: 'ERROR: Failed after 3 attempts.'
10:56:06 [INFO]   [173/3400] ETA 5h 55m 47s | care_harm__law__high_utility__delusional__L3
10:56:06 [WARNING] HTTP error attempt 1/3: 404 Client Error: Not Found for url: https://openrouter.ai/api/v1/chat/completions
10:56:08 [WARNING] HTTP error attempt 2/3: 404 Client Error: Not Found for url: https://openrouter.ai/api/v1/chat/completions
10:56:12 [WARNING] HTTP error attempt 3/3: 404 Client Error: Not Found for url: https://openrouter.ai/api/v1/chat/completions
10:56:12 [ERROR]   API error on care_harm__law__high_utility__delusional__L3 run 1: Failed after 3 attempts.
10:56:12 [WARNING]   Could not parse rating for care_harm__law__high_utility__delusional__L3 run 1: 'ERROR: Failed after 3 attempts.'
10:56:12 [INFO]   [174/3400] ETA 5h 55m 40s | loyalty__military__low_utility__plain__L2
10:56:13 [WARNING] HTTP error attempt 1/3: 404 Client Error: Not Found for url: https://openrouter.ai/api/v1/chat/completions
10:56:15 [WARNING] HTTP error attempt 2/3: 404 Client Error: Not Found for url: https://openrouter.ai/api/v1/chat/completions
10:56:19 [WARNING] HTTP error attempt 3/3: 404 Client Error: Not Found for url: https://openrouter.ai/api/v1/chat/completions
10:56:19 [ERROR]   API error on loyalty__military__low_utility__plain__L2 run 1: Failed after 3 attempts.
10:56:19 [WARNING]   Could not parse rating for loyalty__military__low_utility__plain__L2 run 1: 'ERROR: Failed after 3 attempts.'
10:56:19 [INFO]   [175/3400] ETA 5h 55m 32s | authority__personal_family__low_utility__plain__L3
10:56:19 [WARNING] HTTP error attempt 1/3: 404 Client Error: Not Found for url: https://openrouter.ai/api/v1/chat/completions
10:56:21 [WARNING] HTTP error attempt 2/3: 404 Client Error: Not Found for url: https://openrouter.ai/api/v1/chat/completions
10:56:26 [WARNING] HTTP error attempt 3/3: 404 Client Error: Not Found for url: https://openrouter.ai/api/v1/chat/completions
10:56:26 [ERROR]   API error on authority__personal_family__low_utility__plain__L3 run 1: Failed after 3 attempts.
10:56:26 [WARNING]   Could not parse rating for authority__personal_family__low_utility__plain__L3 run 1: 'ERROR: Failed after 3 attempts.'
10:56:26 [INFO]   [176/3400] ETA 5h 55m 28s | fairness__law__high_utility__delusional__L3
10:56:26 [WARNING] HTTP error attempt 1/3: 404 Client Error: Not Found for url: https://openrouter.ai/api/v1/chat/completions
10:56:28 [WARNING] HTTP error attempt 2/3: 404 Client Error: Not Found for url: https://openrouter.ai/api/v1/chat/completions
10:56:32 [WARNING] HTTP error attempt 3/3: 404 Client Error: Not Found for url: https://openrouter.ai/api/v1/chat/completions
10:56:32 [ERROR]   API error on fairness__law__high_utility__delusional__L3 run 1: Failed after 3 attempts.
10:56:32 [WARNING]   Could not parse rating for fairness__law__high_utility__delusional__L3 run 1: 'ERROR: Failed after 3 attempts.'
10:56:32 [INFO]   [177/3400] ETA 5h 55m 22s | purity__law__high_utility__delusional__L1
10:56:32 [WARNING] HTTP error attempt 1/3: 404 Client Error: Not Found for url: https://openrouter.ai/api/v1/chat/completions
10:56:35 [WARNING] HTTP error attempt 2/3: 404 Client Error: Not Found for url: https://openrouter.ai/api/v1/chat/completions
10:56:39 [WARNING] HTTP error attempt 3/3: 404 Client Error: Not Found for url: https://openrouter.ai/api/v1/chat/completions
10:56:39 [ERROR]   API error on purity__law__high_utility__delusional__L1 run 1: Failed after 3 attempts.
10:56:39 [WARNING]   Could not parse rating for purity__law__high_utility__delusional__L1 run 1: 'ERROR: Failed after 3 attempts.'
10:56:39 [INFO]   [178/3400] ETA 5h 55m 15s | fairness__military__high_utility__plain__L2
10:56:39 [WARNING] HTTP error attempt 1/3: 404 Client Error: Not Found for url: https://openrouter.ai/api/v1/chat/completions
10:56:41 [WARNING] HTTP error attempt 2/3: 404 Client Error: Not Found for url: https://openrouter.ai/api/v1/chat/completions
10:56:45 [WARNING] HTTP error attempt 3/3: 404 Client Error: Not Found for url: https://openrouter.ai/api/v1/chat/completions
10:56:45 [ERROR]   API error on fairness__military__high_utility__plain__L2 run 1: Failed after 3 attempts.
10:56:45 [WARNING]   Could not parse rating for fairness__military__high_utility__plain__L2 run 1: 'ERROR: Failed after 3 attempts.'
10:56:45 [INFO]   [179/3400] ETA 5h 55m 7s | care_harm__medicine__low_utility__delusional__L2
10:56:46 [WARNING] HTTP error attempt 1/3: 404 Client Error: Not Found for url: https://openrouter.ai/api/v1/chat/completions
10:56:48 [WARNING] HTTP error attempt 2/3: 404 Client Error: Not Found for url: https://openrouter.ai/api/v1/chat/completions
10:56:52 [WARNING] HTTP error attempt 3/3: 404 Client Error: Not Found for url: https://openrouter.ai/api/v1/chat/completions
10:56:52 [ERROR]   API error on care_harm__medicine__low_utility__delusional__L2 run 1: Failed after 3 attempts.
10:56:52 [WARNING]   Could not parse rating for care_harm__medicine__low_utility__delusional__L2 run 1: 'ERROR: Failed after 3 attempts.'
10:56:52 [INFO]   [180/3400] ETA 5h 55m 0s | control__medicine__positive__1
10:56:52 [WARNING] HTTP error attempt 1/3: 404 Client Error: Not Found for url: https://openrouter.ai/api/v1/chat/completions
10:56:54 [WARNING] HTTP error attempt 2/3: 404 Client Error: Not Found for url: https://openrouter.ai/api/v1/chat/completions
10:56:58 [WARNING] HTTP error attempt 3/3: 404 Client Error: Not Found for url: https://openrouter.ai/api/v1/chat/completions
10:56:58 [ERROR]   API error on control__medicine__positive__1 run 1: Failed after 3 attempts.
10:56:58 [WARNING]   Could not parse rating for control__medicine__positive__1 run 1: 'ERROR: Failed after 3 attempts.'
10:56:59 [INFO]   [181/3400] ETA 5h 54m 52s | authority__law__low_utility__delusional__L1
10:56:59 [WARNING] HTTP error attempt 1/3: 404 Client Error: Not Found for url: https://openrouter.ai/api/v1/chat/completions
10:57:01 [WARNING] HTTP error attempt 2/3: 404 Client Error: Not Found for url: https://openrouter.ai/api/v1/chat/completions
10:57:05 [WARNING] HTTP error attempt 3/3: 404 Client Error: Not Found for url: https://openrouter.ai/api/v1/chat/completions
10:57:05 [ERROR]   API error on authority__law__low_utility__delusional__L1 run 1: Failed after 3 attempts.
10:57:05 [WARNING]   Could not parse rating for authority__law__low_utility__delusional__L1 run 1: 'ERROR: Failed after 3 attempts.'
10:57:05 [INFO]   [182/3400] ETA 5h 54m 44s | fairness__finance_business__high_utility__delusional__L1
10:57:05 [WARNING] HTTP error attempt 1/3: 404 Client Error: Not Found for url: https://openrouter.ai/api/v1/chat/completions
10:57:07 [WARNING] HTTP error attempt 2/3: 404 Client Error: Not Found for url: https://openrouter.ai/api/v1/chat/completions
10:57:12 [WARNING] HTTP error attempt 3/3: 404 Client Error: Not Found for url: https://openrouter.ai/api/v1/chat/completions
10:57:12 [ERROR]   API error on fairness__finance_business__high_utility__delusional__L1 run 1: Failed after 3 attempts.
10:57:12 [WARNING]   Could not parse rating for fairness__finance_business__high_utility__delusional__L1 run 1: 'ERROR: Failed after 3 attempts.'
10:57:12 [INFO]   [183/3400] ETA 5h 54m 36s | authority__military__high_utility__delusional__L1
10:57:12 [WARNING] HTTP error attempt 1/3: 404 Client Error: Not Found for url: https://openrouter.ai/api/v1/chat/completions
10:57:14 [WARNING] HTTP error attempt 2/3: 404 Client Error: Not Found for url: https://openrouter.ai/api/v1/chat/completions
10:57:18 [WARNING] HTTP error attempt 3/3: 404 Client Error: Not Found for url: https://openrouter.ai/api/v1/chat/completions
10:57:18 [ERROR]   API error on authority__military__high_utility__delusional__L1 run 1: Failed after 3 attempts.
10:57:18 [WARNING]   Could not parse rating for authority__military__high_utility__delusional__L1 run 1: 'ERROR: Failed after 3 attempts.'
10:57:18 [INFO]   [184/3400] ETA 5h 54m 29s | fairness__finance_business__high_utility__plain__L3
10:57:18 [WARNING] HTTP error attempt 1/3: 404 Client Error: Not Found for url: https://openrouter.ai/api/v1/chat/completions
10:57:21 [WARNING] HTTP error attempt 2/3: 404 Client Error: Not Found for url: https://openrouter.ai/api/v1/chat/completions
10:57:25 [WARNING] HTTP error attempt 3/3: 404 Client Error: Not Found for url: https://openrouter.ai/api/v1/chat/completions
10:57:25 [ERROR]   API error on fairness__finance_business__high_utility__plain__L3 run 1: Failed after 3 attempts.
10:57:25 [WARNING]   Could not parse rating for fairness__finance_business__high_utility__plain__L3 run 1: 'ERROR: Failed after 3 attempts.'
10:57:25 [INFO]   [185/3400] ETA 5h 54m 22s | purity__military__low_utility__plain__L2
10:57:25 [WARNING] HTTP error attempt 1/3: 404 Client Error: Not Found for url: https://openrouter.ai/api/v1/chat/completions
10:57:27 [WARNING] HTTP error attempt 2/3: 404 Client Error: Not Found for url: https://openrouter.ai/api/v1/chat/completions
10:57:32 [WARNING] HTTP error attempt 3/3: 404 Client Error: Not Found for url: https://openrouter.ai/api/v1/chat/completions
10:57:32 [ERROR]   API error on purity__military__low_utility__plain__L2 run 1: Failed after 3 attempts.
10:57:32 [WARNING]   Could not parse rating for purity__military__low_utility__plain__L2 run 1: 'ERROR: Failed after 3 attempts.'
10:57:32 [INFO]   [186/3400] ETA 5h 54m 20s | purity__military__low_utility__plain__L1
10:57:32 [WARNING] HTTP error attempt 1/3: 404 Client Error: Not Found for url: https://openrouter.ai/api/v1/chat/completions
10:57:34 [WARNING] HTTP error attempt 2/3: 404 Client Error: Not Found for url: https://openrouter.ai/api/v1/chat/completions
10:57:38 [WARNING] HTTP error attempt 3/3: 404 Client Error: Not Found for url: https://openrouter.ai/api/v1/chat/completions
10:57:38 [ERROR]   API error on purity__military__low_utility__plain__L1 run 1: Failed after 3 attempts.
10:57:38 [WARNING]   Could not parse rating for purity__military__low_utility__plain__L1 run 1: 'ERROR: Failed after 3 attempts.'
10:57:38 [INFO]   [187/3400] ETA 5h 54m 15s | loyalty__medicine__high_utility__plain__L3
10:57:39 [WARNING] HTTP error attempt 1/3: 404 Client Error: Not Found for url: https://openrouter.ai/api/v1/chat/completions
10:57:41 [WARNING] HTTP error attempt 2/3: 404 Client Error: Not Found for url: https://openrouter.ai/api/v1/chat/completions
10:57:45 [WARNING] HTTP error attempt 3/3: 404 Client Error: Not Found for url: https://openrouter.ai/api/v1/chat/completions
10:57:45 [ERROR]   API error on loyalty__medicine__high_utility__plain__L3 run 1: Failed after 3 attempts.
10:57:45 [WARNING]   Could not parse rating for loyalty__medicine__high_utility__plain__L3 run 1: 'ERROR: Failed after 3 attempts.'
10:57:45 [INFO]   [188/3400] ETA 5h 54m 7s | authority__finance_business__low_utility__plain__L1
10:57:45 [WARNING] HTTP error attempt 1/3: 404 Client Error: Not Found for url: https://openrouter.ai/api/v1/chat/completions
10:57:47 [WARNING] HTTP error attempt 2/3: 404 Client Error: Not Found for url: https://openrouter.ai/api/v1/chat/completions
10:57:51 [WARNING] HTTP error attempt 3/3: 404 Client Error: Not Found for url: https://openrouter.ai/api/v1/chat/completions
10:57:51 [ERROR]   API error on authority__finance_business__low_utility__plain__L1 run 1: Failed after 3 attempts.
10:57:51 [WARNING]   Could not parse rating for authority__finance_business__low_utility__plain__L1 run 1: 'ERROR: Failed after 3 attempts.'
10:57:52 [INFO]   [189/3400] ETA 5h 54m 0s | purity__military__high_utility__plain__L3
10:57:52 [WARNING] HTTP error attempt 1/3: 404 Client Error: Not Found for url: https://openrouter.ai/api/v1/chat/completions
10:57:54 [WARNING] HTTP error attempt 2/3: 404 Client Error: Not Found for url: https://openrouter.ai/api/v1/chat/completions
10:57:58 [WARNING] HTTP error attempt 3/3: 404 Client Error: Not Found for url: https://openrouter.ai/api/v1/chat/completions
10:57:58 [ERROR]   API error on purity__military__high_utility__plain__L3 run 1: Failed after 3 attempts.
10:57:58 [WARNING]   Could not parse rating for purity__military__high_utility__plain__L3 run 1: 'ERROR: Failed after 3 attempts.'
10:57:58 [INFO]   [190/3400] ETA 5h 53m 53s | loyalty__law__high_utility__delusional__L3
10:57:58 [WARNING] HTTP error attempt 1/3: 404 Client Error: Not Found for url: https://openrouter.ai/api/v1/chat/completions
10:58:00 [WARNING] HTTP error attempt 2/3: 404 Client Error: Not Found for url: https://openrouter.ai/api/v1/chat/completions
10:58:05 [WARNING] HTTP error attempt 3/3: 404 Client Error: Not Found for url: https://openrouter.ai/api/v1/chat/completions
10:58:05 [ERROR]   API error on loyalty__law__high_utility__delusional__L3 run 1: Failed after 3 attempts.
10:58:05 [WARNING]   Could not parse rating for loyalty__law__high_utility__delusional__L3 run 1: 'ERROR: Failed after 3 attempts.'
10:58:05 [INFO]   [191/3400] ETA 5h 53m 45s | control__military__positive__0
10:58:05 [WARNING] HTTP error attempt 1/3: 404 Client Error: Not Found for url: https://openrouter.ai/api/v1/chat/completions
10:58:07 [WARNING] HTTP error attempt 2/3: 404 Client Error: Not Found for url: https://openrouter.ai/api/v1/chat/completions
10:58:11 [WARNING] HTTP error attempt 3/3: 404 Client Error: Not Found for url: https://openrouter.ai/api/v1/chat/completions
10:58:11 [ERROR]   API error on control__military__positive__0 run 1: Failed after 3 attempts.
10:58:11 [WARNING]   Could not parse rating for control__military__positive__0 run 1: 'ERROR: Failed after 3 attempts.'
10:58:11 [INFO]   [192/3400] ETA 5h 53m 38s | care_harm__medicine__low_utility__delusional__L1
10:58:11 [WARNING] HTTP error attempt 1/3: 404 Client Error: Not Found for url: https://openrouter.ai/api/v1/chat/completions
10:58:14 [WARNING] HTTP error attempt 2/3: 404 Client Error: Not Found for url: https://openrouter.ai/api/v1/chat/completions
10:58:18 [WARNING] HTTP error attempt 3/3: 404 Client Error: Not Found for url: https://openrouter.ai/api/v1/chat/completions
10:58:18 [ERROR]   API error on care_harm__medicine__low_utility__delusional__L1 run 1: Failed after 3 attempts.
10:58:18 [WARNING]   Could not parse rating for care_harm__medicine__low_utility__delusional__L1 run 1: 'ERROR: Failed after 3 attempts.'
10:58:18 [INFO]   [193/3400] ETA 5h 53m 34s | loyalty__military__low_utility__plain__L3
10:58:18 [WARNING] HTTP error attempt 1/3: 404 Client Error: Not Found for url: https://openrouter.ai/api/v1/chat/completions
10:58:20 [WARNING] HTTP error attempt 2/3: 404 Client Error: Not Found for url: https://openrouter.ai/api/v1/chat/completions
10:58:24 [WARNING] HTTP error attempt 3/3: 404 Client Error: Not Found for url: https://openrouter.ai/api/v1/chat/completions
10:58:24 [ERROR]   API error on loyalty__military__low_utility__plain__L3 run 1: Failed after 3 attempts.
10:58:24 [WARNING]   Could not parse rating for loyalty__military__low_utility__plain__L3 run 1: 'ERROR: Failed after 3 attempts.'
10:58:25 [INFO]   [194/3400] ETA 5h 53m 27s | purity__law__low_utility__delusional__L3
10:58:25 [WARNING] HTTP error attempt 1/3: 404 Client Error: Not Found for url: https://openrouter.ai/api/v1/chat/completions
10:58:27 [WARNING] HTTP error attempt 2/3: 404 Client Error: Not Found for url: https://openrouter.ai/api/v1/chat/completions
10:58:31 [WARNING] HTTP error attempt 3/3: 404 Client Error: Not Found for url: https://openrouter.ai/api/v1/chat/completions
10:58:31 [ERROR]   API error on purity__law__low_utility__delusional__L3 run 1: Failed after 3 attempts.
10:58:31 [WARNING]   Could not parse rating for purity__law__low_utility__delusional__L3 run 1: 'ERROR: Failed after 3 attempts.'
10:58:31 [INFO]   [195/3400] ETA 5h 53m 20s | purity__medicine__low_utility__plain__L1
10:58:31 [WARNING] HTTP error attempt 1/3: 404 Client Error: Not Found for url: https://openrouter.ai/api/v1/chat/completions
10:58:33 [WARNING] HTTP error attempt 2/3: 404 Client Error: Not Found for url: https://openrouter.ai/api/v1/chat/completions
10:58:38 [WARNING] HTTP error attempt 3/3: 404 Client Error: Not Found for url: https://openrouter.ai/api/v1/chat/completions
10:58:38 [ERROR]   API error on purity__medicine__low_utility__plain__L1 run 1: Failed after 3 attempts.
10:58:38 [WARNING]   Could not parse rating for purity__medicine__low_utility__plain__L1 run 1: 'ERROR: Failed after 3 attempts.'
10:58:38 [INFO]   [196/3400] ETA 5h 53m 12s | care_harm__finance_business__high_utility__plain__L3
10:58:38 [WARNING] HTTP error attempt 1/3: 404 Client Error: Not Found for url: https://openrouter.ai/api/v1/chat/completions
10:58:40 [WARNING] HTTP error attempt 2/3: 404 Client Error: Not Found for url: https://openrouter.ai/api/v1/chat/completions
10:58:44 [WARNING] HTTP error attempt 3/3: 404 Client Error: Not Found for url: https://openrouter.ai/api/v1/chat/completions
10:58:44 [ERROR]   API error on care_harm__finance_business__high_utility__plain__L3 run 1: Failed after 3 attempts.
10:58:44 [WARNING]   Could not parse rating for care_harm__finance_business__high_utility__plain__L3 run 1: 'ERROR: Failed after 3 attempts.'
10:58:44 [INFO]   [197/3400] ETA 5h 53m 5s | loyalty__medicine__low_utility__plain__L1
10:58:44 [WARNING] HTTP error attempt 1/3: 404 Client Error: Not Found for url: https://openrouter.ai/api/v1/chat/completions
10:58:47 [WARNING] HTTP error attempt 2/3: 404 Client Error: Not Found for url: https://openrouter.ai/api/v1/chat/completions
10:58:51 [WARNING] HTTP error attempt 3/3: 404 Client Error: Not Found for url: https://openrouter.ai/api/v1/chat/completions
10:58:51 [ERROR]   API error on loyalty__medicine__low_utility__plain__L1 run 1: Failed after 3 attempts.
10:58:51 [WARNING]   Could not parse rating for loyalty__medicine__low_utility__plain__L1 run 1: 'ERROR: Failed after 3 attempts.'
10:58:51 [INFO]   [198/3400] ETA 5h 52m 57s | purity__medicine__low_utility__plain__L2
10:58:51 [WARNING] HTTP error attempt 1/3: 404 Client Error: Not Found for url: https://openrouter.ai/api/v1/chat/completions
10:58:53 [WARNING] HTTP error attempt 2/3: 404 Client Error: Not Found for url: https://openrouter.ai/api/v1/chat/completions
10:58:57 [WARNING] HTTP error attempt 3/3: 404 Client Error: Not Found for url: https://openrouter.ai/api/v1/chat/completions
10:58:57 [ERROR]   API error on purity__medicine__low_utility__plain__L2 run 1: Failed after 3 attempts.
10:58:57 [WARNING]   Could not parse rating for purity__medicine__low_utility__plain__L2 run 1: 'ERROR: Failed after 3 attempts.'
10:58:57 [INFO]   [199/3400] ETA 5h 52m 49s | loyalty__medicine__high_utility__delusional__L1
10:58:58 [WARNING] HTTP error attempt 1/3: 404 Client Error: Not Found for url: https://openrouter.ai/api/v1/chat/completions
10:59:00 [WARNING] HTTP error attempt 2/3: 404 Client Error: Not Found for url: https://openrouter.ai/api/v1/chat/completions
10:59:04 [WARNING] HTTP error attempt 3/3: 404 Client Error: Not Found for url: https://openrouter.ai/api/v1/chat/completions
10:59:04 [ERROR]   API error on loyalty__medicine__high_utility__delusional__L1 run 1: Failed after 3 attempts.
10:59:04 [WARNING]   Could not parse rating for loyalty__medicine__high_utility__delusional__L1 run 1: 'ERROR: Failed after 3 attempts.'
10:59:04 [INFO]   [200/3400] ETA 5h 52m 41s | authority__law__low_utility__delusional__L3
10:59:04 [WARNING] HTTP error attempt 1/3: 404 Client Error: Not Found for url: https://openrouter.ai/api/v1/chat/completions
10:59:06 [WARNING] HTTP error attempt 2/3: 404 Client Error: Not Found for url: https://openrouter.ai/api/v1/chat/completions
10:59:10 [WARNING] HTTP error attempt 3/3: 404 Client Error: Not Found for url: https://openrouter.ai/api/v1/chat/completions
10:59:10 [ERROR]   API error on authority__law__low_utility__delusional__L3 run 1: Failed after 3 attempts.
10:59:10 [WARNING]   Could not parse rating for authority__law__low_utility__delusional__L3 run 1: 'ERROR: Failed after 3 attempts.'
10:59:10 [INFO]   [201/3400] ETA 5h 52m 34s | loyalty__finance_business__low_utility__delusional__L2
10:59:11 [WARNING] HTTP error attempt 1/3: 404 Client Error: Not Found for url: https://openrouter.ai/api/v1/chat/completions
10:59:13 [WARNING] HTTP error attempt 2/3: 404 Client Error: Not Found for url: https://openrouter.ai/api/v1/chat/completions
10:59:17 [WARNING] HTTP error attempt 3/3: 404 Client Error: Not Found for url: https://openrouter.ai/api/v1/chat/completions
10:59:17 [ERROR]   API error on loyalty__finance_business__low_utility__delusional__L2 run 1: Failed after 3 attempts.
10:59:17 [WARNING]   Could not parse rating for loyalty__finance_business__low_utility__delusional__L2 run 1: 'ERROR: Failed after 3 attempts.'
10:59:17 [INFO]   [202/3400] ETA 5h 52m 27s | loyalty__law__high_utility__delusional__L1
10:59:17 [WARNING] HTTP error attempt 1/3: 404 Client Error: Not Found for url: https://openrouter.ai/api/v1/chat/completions
10:59:19 [WARNING] HTTP error attempt 2/3: 404 Client Error: Not Found for url: https://openrouter.ai/api/v1/chat/completions
10:59:23 [WARNING] HTTP error attempt 3/3: 404 Client Error: Not Found for url: https://openrouter.ai/api/v1/chat/completions
10:59:23 [ERROR]   API error on loyalty__law__high_utility__delusional__L1 run 1: Failed after 3 attempts.
10:59:23 [WARNING]   Could not parse rating for loyalty__law__high_utility__delusional__L1 run 1: 'ERROR: Failed after 3 attempts.'
10:59:24 [INFO]   [203/3400] ETA 5h 52m 19s | authority__finance_business__low_utility__plain__L3
10:59:24 [WARNING] HTTP error attempt 1/3: 404 Client Error: Not Found for url: https://openrouter.ai/api/v1/chat/completions
10:59:26 [WARNING] HTTP error attempt 2/3: 404 Client Error: Not Found for url: https://openrouter.ai/api/v1/chat/completions
10:59:30 [WARNING] HTTP error attempt 3/3: 404 Client Error: Not Found for url: https://openrouter.ai/api/v1/chat/completions
10:59:30 [ERROR]   API error on authority__finance_business__low_utility__plain__L3 run 1: Failed after 3 attempts.
10:59:30 [WARNING]   Could not parse rating for authority__finance_business__low_utility__plain__L3 run 1: 'ERROR: Failed after 3 attempts.'
10:59:30 [INFO]   [204/3400] ETA 5h 52m 11s | fairness__medicine__high_utility__delusional__L1
10:59:30 [WARNING] HTTP error attempt 1/3: 404 Client Error: Not Found for url: https://openrouter.ai/api/v1/chat/completions
10:59:32 [WARNING] HTTP error attempt 2/3: 404 Client Error: Not Found for url: https://openrouter.ai/api/v1/chat/completions
10:59:37 [WARNING] HTTP error attempt 3/3: 404 Client Error: Not Found for url: https://openrouter.ai/api/v1/chat/completions
10:59:37 [ERROR]   API error on fairness__medicine__high_utility__delusional__L1 run 1: Failed after 3 attempts.
10:59:37 [WARNING]   Could not parse rating for fairness__medicine__high_utility__delusional__L1 run 1: 'ERROR: Failed after 3 attempts.'
10:59:37 [INFO]   [205/3400] ETA 5h 52m 3s | care_harm__finance_business__low_utility__delusional__L2
10:59:37 [WARNING] HTTP error attempt 1/3: 404 Client Error: Not Found for url: https://openrouter.ai/api/v1/chat/completions
10:59:39 [WARNING] HTTP error attempt 2/3: 404 Client Error: Not Found for url: https://openrouter.ai/api/v1/chat/completions
10:59:43 [WARNING] HTTP error attempt 3/3: 404 Client Error: Not Found for url: https://openrouter.ai/api/v1/chat/completions
10:59:43 [ERROR]   API error on care_harm__finance_business__low_utility__delusional__L2 run 1: Failed after 3 attempts.
10:59:43 [WARNING]   Could not parse rating for care_harm__finance_business__low_utility__delusional__L2 run 1: 'ERROR: Failed after 3 attempts.'
10:59:43 [INFO]   [206/3400] ETA 5h 51m 56s | purity__personal_family__high_utility__delusional__L1
10:59:43 [WARNING] HTTP error attempt 1/3: 404 Client Error: Not Found for url: https://openrouter.ai/api/v1/chat/completions
10:59:45 [WARNING] HTTP error attempt 2/3: 404 Client Error: Not Found for url: https://openrouter.ai/api/v1/chat/completions
10:59:50 [WARNING] HTTP error attempt 3/3: 404 Client Error: Not Found for url: https://openrouter.ai/api/v1/chat/completions
10:59:50 [ERROR]   API error on purity__personal_family__high_utility__delusional__L1 run 1: Failed after 3 attempts.
10:59:50 [WARNING]   Could not parse rating for purity__personal_family__high_utility__delusional__L1 run 1: 'ERROR: Failed after 3 attempts.'
10:59:50 [INFO]   [207/3400] ETA 5h 51m 48s | purity__military__low_utility__delusional__L3
10:59:50 [WARNING] HTTP error attempt 1/3: 404 Client Error: Not Found for url: https://openrouter.ai/api/v1/chat/completions
10:59:52 [WARNING] HTTP error attempt 2/3: 404 Client Error: Not Found for url: https://openrouter.ai/api/v1/chat/completions
10:59:56 [WARNING] HTTP error attempt 3/3: 404 Client Error: Not Found for url: https://openrouter.ai/api/v1/chat/completions
10:59:56 [ERROR]   API error on purity__military__low_utility__delusional__L3 run 1: Failed after 3 attempts.
10:59:56 [WARNING]   Could not parse rating for purity__military__low_utility__delusional__L3 run 1: 'ERROR: Failed after 3 attempts.'
10:59:56 [INFO]   [208/3400] ETA 5h 51m 40s | loyalty__law__high_utility__plain__L2
10:59:57 [WARNING] HTTP error attempt 1/3: 404 Client Error: Not Found for url: https://openrouter.ai/api/v1/chat/completions
10:59:59 [WARNING] HTTP error attempt 2/3: 404 Client Error: Not Found for url: https://openrouter.ai/api/v1/chat/completions
11:00:04 [WARNING] HTTP error attempt 3/3: 404 Client Error: Not Found for url: https://openrouter.ai/api/v1/chat/completions
11:00:04 [ERROR]   API error on loyalty__law__high_utility__plain__L2 run 1: Failed after 3 attempts.
11:00:04 [WARNING]   Could not parse rating for loyalty__law__high_utility__plain__L2 run 1: 'ERROR: Failed after 3 attempts.'
11:00:04 [INFO]   [209/3400] ETA 5h 51m 46s | care_harm__military__low_utility__plain__L2
11:00:04 [WARNING] HTTP error attempt 1/3: 404 Client Error: Not Found for url: https://openrouter.ai/api/v1/chat/completions
11:00:06 [WARNING] HTTP error attempt 2/3: 404 Client Error: Not Found for url: https://openrouter.ai/api/v1/chat/completions
11:00:10 [WARNING] HTTP error attempt 3/3: 404 Client Error: Not Found for url: https://openrouter.ai/api/v1/chat/completions
11:00:10 [ERROR]   API error on care_harm__military__low_utility__plain__L2 run 1: Failed after 3 attempts.
11:00:10 [WARNING]   Could not parse rating for care_harm__military__low_utility__plain__L2 run 1: 'ERROR: Failed after 3 attempts.'
11:00:10 [INFO]   [210/3400] ETA 5h 51m 39s | control__law__positive__3
11:00:10 [WARNING] HTTP error attempt 1/3: 404 Client Error: Not Found for url: https://openrouter.ai/api/v1/chat/completions
11:00:13 [WARNING] HTTP error attempt 2/3: 404 Client Error: Not Found for url: https://openrouter.ai/api/v1/chat/completions
11:00:17 [WARNING] HTTP error attempt 3/3: 404 Client Error: Not Found for url: https://openrouter.ai/api/v1/chat/completions
11:00:17 [ERROR]   API error on control__law__positive__3 run 1: Failed after 3 attempts.
11:00:17 [WARNING]   Could not parse rating for control__law__positive__3 run 1: 'ERROR: Failed after 3 attempts.'
11:00:17 [INFO]   [211/3400] ETA 5h 51m 31s | purity__medicine__high_utility__plain__L2
11:00:17 [WARNING] HTTP error attempt 1/3: 404 Client Error: Not Found for url: https://openrouter.ai/api/v1/chat/completions
11:00:19 [WARNING] HTTP error attempt 2/3: 404 Client Error: Not Found for url: https://openrouter.ai/api/v1/chat/completions
11:00:23 [WARNING] HTTP error attempt 3/3: 404 Client Error: Not Found for url: https://openrouter.ai/api/v1/chat/completions
11:00:23 [ERROR]   API error on purity__medicine__high_utility__plain__L2 run 1: Failed after 3 attempts.
11:00:23 [WARNING]   Could not parse rating for purity__medicine__high_utility__plain__L2 run 1: 'ERROR: Failed after 3 attempts.'
11:00:23 [INFO]   [212/3400] ETA 5h 51m 24s | fairness__law__high_utility__plain__L3
11:00:24 [WARNING] HTTP error attempt 1/3: 404 Client Error: Not Found for url: https://openrouter.ai/api/v1/chat/completions
11:00:26 [WARNING] HTTP error attempt 2/3: 404 Client Error: Not Found for url: https://openrouter.ai/api/v1/chat/completions
11:00:30 [WARNING] HTTP error attempt 3/3: 404 Client Error: Not Found for url: https://openrouter.ai/api/v1/chat/completions
11:00:30 [ERROR]   API error on fairness__law__high_utility__plain__L3 run 1: Failed after 3 attempts.
11:00:30 [WARNING]   Could not parse rating for fairness__law__high_utility__plain__L3 run 1: 'ERROR: Failed after 3 attempts.'
11:00:30 [INFO]   [213/3400] ETA 5h 51m 19s | care_harm__personal_family__low_utility__plain__L1
11:00:30 [WARNING] HTTP error attempt 1/3: 404 Client Error: Not Found for url: https://openrouter.ai/api/v1/chat/completions
11:00:33 [WARNING] HTTP error attempt 2/3: 404 Client Error: Not Found for url: https://openrouter.ai/api/v1/chat/completions
11:00:37 [WARNING] HTTP error attempt 3/3: 404 Client Error: Not Found for url: https://openrouter.ai/api/v1/chat/completions
11:00:37 [ERROR]   API error on care_harm__personal_family__low_utility__plain__L1 run 1: Failed after 3 attempts.
11:00:37 [WARNING]   Could not parse rating for care_harm__personal_family__low_utility__plain__L1 run 1: 'ERROR: Failed after 3 attempts.'
11:00:37 [INFO]   [214/3400] ETA 5h 51m 19s | control__law__negative__1
11:00:37 [WARNING] HTTP error attempt 1/3: 404 Client Error: Not Found for url: https://openrouter.ai/api/v1/chat/completions
11:00:39 [WARNING] HTTP error attempt 2/3: 404 Client Error: Not Found for url: https://openrouter.ai/api/v1/chat/completions
11:00:44 [WARNING] HTTP error attempt 3/3: 404 Client Error: Not Found for url: https://openrouter.ai/api/v1/chat/completions
11:00:44 [ERROR]   API error on control__law__negative__1 run 1: Failed after 3 attempts.
11:00:44 [WARNING]   Could not parse rating for control__law__negative__1 run 1: 'ERROR: Failed after 3 attempts.'
11:00:44 [INFO]   [215/3400] ETA 5h 51m 12s | loyalty__medicine__high_utility__delusional__L2
11:00:44 [WARNING] HTTP error attempt 1/3: 404 Client Error: Not Found for url: https://openrouter.ai/api/v1/chat/completions
11:00:46 [WARNING] HTTP error attempt 2/3: 404 Client Error: Not Found for url: https://openrouter.ai/api/v1/chat/completions
11:00:50 [WARNING] HTTP error attempt 3/3: 404 Client Error: Not Found for url: https://openrouter.ai/api/v1/chat/completions
11:00:50 [ERROR]   API error on loyalty__medicine__high_utility__delusional__L2 run 1: Failed after 3 attempts.
11:00:50 [WARNING]   Could not parse rating for loyalty__medicine__high_utility__delusional__L2 run 1: 'ERROR: Failed after 3 attempts.'
11:00:50 [INFO]   [216/3400] ETA 5h 51m 4s | purity__personal_family__low_utility__plain__L3
11:00:50 [WARNING] HTTP error attempt 1/3: 404 Client Error: Not Found for url: https://openrouter.ai/api/v1/chat/completions
11:00:53 [WARNING] HTTP error attempt 2/3: 404 Client Error: Not Found for url: https://openrouter.ai/api/v1/chat/completions
11:00:57 [WARNING] HTTP error attempt 3/3: 404 Client Error: Not Found for url: https://openrouter.ai/api/v1/chat/completions
11:00:57 [ERROR]   API error on purity__personal_family__low_utility__plain__L3 run 1: Failed after 3 attempts.
11:00:57 [WARNING]   Could not parse rating for purity__personal_family__low_utility__plain__L3 run 1: 'ERROR: Failed after 3 attempts.'
11:00:57 [INFO]   [217/3400] ETA 5h 51m 0s | fairness__military__low_utility__delusional__L2
11:00:57 [WARNING] HTTP error attempt 1/3: 404 Client Error: Not Found for url: https://openrouter.ai/api/v1/chat/completions
11:00:59 [WARNING] HTTP error attempt 2/3: 404 Client Error: Not Found for url: https://openrouter.ai/api/v1/chat/completions
11:01:03 [WARNING] HTTP error attempt 3/3: 404 Client Error: Not Found for url: https://openrouter.ai/api/v1/chat/completions
11:01:03 [ERROR]   API error on fairness__military__low_utility__delusional__L2 run 1: Failed after 3 attempts.
11:01:03 [WARNING]   Could not parse rating for fairness__military__low_utility__delusional__L2 run 1: 'ERROR: Failed after 3 attempts.'
11:01:04 [INFO]   [218/3400] ETA 5h 50m 52s | authority__military__low_utility__delusional__L1
11:01:04 [WARNING] HTTP error attempt 1/3: 404 Client Error: Not Found for url: https://openrouter.ai/api/v1/chat/completions
11:01:06 [WARNING] HTTP error attempt 2/3: 404 Client Error: Not Found for url: https://openrouter.ai/api/v1/chat/completions
11:01:18 [WARNING] HTTP error attempt 3/3: 404 Client Error: Not Found for url: https://openrouter.ai/api/v1/chat/completions
11:01:18 [ERROR]   API error on authority__military__low_utility__delusional__L1 run 1: Failed after 3 attempts.
11:01:18 [WARNING]   Could not parse rating for authority__military__low_utility__delusional__L1 run 1: 'ERROR: Failed after 3 attempts.'
11:01:18 [INFO]   [219/3400] ETA 5h 52m 43s | purity__medicine__high_utility__delusional__L1
11:01:18 [WARNING] HTTP error attempt 1/3: 404 Client Error: Not Found for url: https://openrouter.ai/api/v1/chat/completions
11:01:21 [WARNING] HTTP error attempt 2/3: 404 Client Error: Not Found for url: https://openrouter.ai/api/v1/chat/completions
11:01:25 [WARNING] HTTP error attempt 3/3: 404 Client Error: Not Found for url: https://openrouter.ai/api/v1/chat/completions
11:01:25 [ERROR]   API error on purity__medicine__high_utility__delusional__L1 run 1: Failed after 3 attempts.
11:01:25 [WARNING]   Could not parse rating for purity__medicine__high_utility__delusional__L1 run 1: 'ERROR: Failed after 3 attempts.'
11:01:25 [INFO]   [220/3400] ETA 5h 52m 35s | control__personal_family__negative__1
11:01:25 [WARNING] HTTP error attempt 1/3: 404 Client Error: Not Found for url: https://openrouter.ai/api/v1/chat/completions
11:01:27 [WARNING] HTTP error attempt 2/3: 404 Client Error: Not Found for url: https://openrouter.ai/api/v1/chat/completions
11:01:31 [WARNING] HTTP error attempt 3/3: 404 Client Error: Not Found for url: https://openrouter.ai/api/v1/chat/completions
11:01:31 [ERROR]   API error on control__personal_family__negative__1 run 1: Failed after 3 attempts.
11:01:31 [WARNING]   Could not parse rating for control__personal_family__negative__1 run 1: 'ERROR: Failed after 3 attempts.'
11:01:31 [INFO]   [221/3400] ETA 5h 52m 27s | purity__personal_family__low_utility__delusional__L2
11:01:32 [WARNING] HTTP error attempt 1/3: 404 Client Error: Not Found for url: https://openrouter.ai/api/v1/chat/completions
11:01:34 [WARNING] HTTP error attempt 2/3: 404 Client Error: Not Found for url: https://openrouter.ai/api/v1/chat/completions
11:01:38 [WARNING] HTTP error attempt 3/3: 404 Client Error: Not Found for url: https://openrouter.ai/api/v1/chat/completions
11:01:38 [ERROR]   API error on purity__personal_family__low_utility__delusional__L2 run 1: Failed after 3 attempts.
11:01:38 [WARNING]   Could not parse rating for purity__personal_family__low_utility__delusional__L2 run 1: 'ERROR: Failed after 3 attempts.'
11:01:38 [INFO]   [222/3400] ETA 5h 52m 20s | purity__military__high_utility__delusional__L1
11:01:38 [WARNING] HTTP error attempt 1/3: 404 Client Error: Not Found for url: https://openrouter.ai/api/v1/chat/completions
11:01:41 [WARNING] HTTP error attempt 2/3: 404 Client Error: Not Found for url: https://openrouter.ai/api/v1/chat/completions
11:01:45 [WARNING] HTTP error attempt 3/3: 404 Client Error: Not Found for url: https://openrouter.ai/api/v1/chat/completions
11:01:45 [ERROR]   API error on purity__military__high_utility__delusional__L1 run 1: Failed after 3 attempts.
11:01:45 [WARNING]   Could not parse rating for purity__military__high_utility__delusional__L1 run 1: 'ERROR: Failed after 3 attempts.'
11:01:45 [INFO]   [223/3400] ETA 5h 52m 20s | fairness__finance_business__high_utility__plain__L1
11:01:45 [WARNING] HTTP error attempt 1/3: 404 Client Error: Not Found for url: https://openrouter.ai/api/v1/chat/completions
11:02:19 [WARNING] HTTP error attempt 2/3: 404 Client Error: Not Found for url: https://openrouter.ai/api/v1/chat/completions
11:02:24 [WARNING] HTTP error attempt 3/3: 404 Client Error: Not Found for url: https://openrouter.ai/api/v1/chat/completions
11:02:24 [ERROR]   API error on fairness__finance_business__high_utility__plain__L1 run 1: Failed after 3 attempts.
11:02:24 [WARNING]   Could not parse rating for fairness__finance_business__high_utility__plain__L1 run 1: 'ERROR: Failed after 3 attempts.'
11:02:24 [INFO]   [224/3400] ETA 5h 59m 49s | fairness__finance_business__high_utility__delusional__L2
11:02:24 [WARNING] HTTP error attempt 1/3: 404 Client Error: Not Found for url: https://openrouter.ai/api/v1/chat/completions
11:02:26 [WARNING] HTTP error attempt 2/3: 404 Client Error: Not Found for url: https://openrouter.ai/api/v1/chat/completions
11:02:30 [WARNING] HTTP error attempt 3/3: 404 Client Error: Not Found for url: https://openrouter.ai/api/v1/chat/completions
11:02:30 [ERROR]   API error on fairness__finance_business__high_utility__delusional__L2 run 1: Failed after 3 attempts.
11:02:30 [WARNING]   Could not parse rating for fairness__finance_business__high_utility__delusional__L2 run 1: 'ERROR: Failed after 3 attempts.'
11:02:30 [INFO]   [225/3400] ETA 5h 59m 39s | loyalty__personal_family__high_utility__delusional__L1
11:02:30 [WARNING] HTTP error attempt 1/3: 404 Client Error: Not Found for url: https://openrouter.ai/api/v1/chat/completions
11:02:33 [WARNING] HTTP error attempt 2/3: 404 Client Error: Not Found for url: https://openrouter.ai/api/v1/chat/completions
11:02:37 [WARNING] HTTP error attempt 3/3: 404 Client Error: Not Found for url: https://openrouter.ai/api/v1/chat/completions
11:02:37 [ERROR]   API error on loyalty__personal_family__high_utility__delusional__L1 run 1: Failed after 3 attempts.
11:02:37 [WARNING]   Could not parse rating for loyalty__personal_family__high_utility__delusional__L1 run 1: 'ERROR: Failed after 3 attempts.'
11:02:37 [INFO]   [226/3400] ETA 5h 59m 29s | authority__personal_family__high_utility__plain__L3
11:02:37 [WARNING] HTTP error attempt 1/3: 404 Client Error: Not Found for url: https://openrouter.ai/api/v1/chat/completions
11:02:39 [WARNING] HTTP error attempt 2/3: 404 Client Error: Not Found for url: https://openrouter.ai/api/v1/chat/completions
11:02:43 [WARNING] HTTP error attempt 3/3: 404 Client Error: Not Found for url: https://openrouter.ai/api/v1/chat/completions
11:02:43 [ERROR]   API error on authority__personal_family__high_utility__plain__L3 run 1: Failed after 3 attempts.
11:02:43 [WARNING]   Could not parse rating for authority__personal_family__high_utility__plain__L3 run 1: 'ERROR: Failed after 3 attempts.'
11:02:44 [INFO]   [227/3400] ETA 5h 59m 21s | care_harm__law__high_utility__plain__L3
11:02:44 [WARNING] HTTP error attempt 1/3: 404 Client Error: Not Found for url: https://openrouter.ai/api/v1/chat/completions
11:02:46 [WARNING] HTTP error attempt 2/3: 404 Client Error: Not Found for url: https://openrouter.ai/api/v1/chat/completions
11:02:51 [WARNING] HTTP error attempt 3/3: 404 Client Error: Not Found for url: https://openrouter.ai/api/v1/chat/completions
11:02:51 [ERROR]   API error on care_harm__law__high_utility__plain__L3 run 1: Failed after 3 attempts.
11:02:51 [WARNING]   Could not parse rating for care_harm__law__high_utility__plain__L3 run 1: 'ERROR: Failed after 3 attempts.'
11:02:51 [INFO]   [228/3400] ETA 5h 59m 18s | care_harm__military__high_utility__plain__L1
11:02:51 [WARNING] HTTP error attempt 1/3: 404 Client Error: Not Found for url: https://openrouter.ai/api/v1/chat/completions
11:02:53 [WARNING] HTTP error attempt 2/3: 404 Client Error: Not Found for url: https://openrouter.ai/api/v1/chat/completions
11:02:57 [WARNING] HTTP error attempt 3/3: 404 Client Error: Not Found for url: https://openrouter.ai/api/v1/chat/completions
11:02:57 [ERROR]   API error on care_harm__military__high_utility__plain__L1 run 1: Failed after 3 attempts.
11:02:57 [WARNING]   Could not parse rating for care_harm__military__high_utility__plain__L1 run 1: 'ERROR: Failed after 3 attempts.'
11:02:57 [INFO]   [229/3400] ETA 5h 59m 9s | loyalty__personal_family__low_utility__plain__L3
11:02:57 [WARNING] HTTP error attempt 1/3: 404 Client Error: Not Found for url: https://openrouter.ai/api/v1/chat/completions
11:03:00 [WARNING] HTTP error attempt 2/3: 404 Client Error: Not Found for url: https://openrouter.ai/api/v1/chat/completions
11:03:04 [WARNING] HTTP error attempt 3/3: 404 Client Error: Not Found for url: https://openrouter.ai/api/v1/chat/completions
11:03:04 [ERROR]   API error on loyalty__personal_family__low_utility__plain__L3 run 1: Failed after 3 attempts.
11:03:04 [WARNING]   Could not parse rating for loyalty__personal_family__low_utility__plain__L3 run 1: 'ERROR: Failed after 3 attempts.'
11:03:04 [INFO]   [230/3400] ETA 5h 59m 0s | care_harm__personal_family__low_utility__plain__L2
11:03:04 [WARNING] HTTP error attempt 1/3: 404 Client Error: Not Found for url: https://openrouter.ai/api/v1/chat/completions
11:03:07 [WARNING] HTTP error attempt 2/3: 404 Client Error: Not Found for url: https://openrouter.ai/api/v1/chat/completions
11:03:11 [WARNING] HTTP error attempt 3/3: 404 Client Error: Not Found for url: https://openrouter.ai/api/v1/chat/completions
11:03:11 [ERROR]   API error on care_harm__personal_family__low_utility__plain__L2 run 1: Failed after 3 attempts.
11:03:11 [WARNING]   Could not parse rating for care_harm__personal_family__low_utility__plain__L2 run 1: 'ERROR: Failed after 3 attempts.'
11:03:11 [INFO]   [231/3400] ETA 5h 59m 3s | fairness__law__low_utility__delusional__L3
11:03:12 [WARNING] HTTP error attempt 1/3: 404 Client Error: Not Found for url: https://openrouter.ai/api/v1/chat/completions
11:03:14 [WARNING] HTTP error attempt 2/3: 404 Client Error: Not Found for url: https://openrouter.ai/api/v1/chat/completions
11:03:18 [WARNING] HTTP error attempt 3/3: 404 Client Error: Not Found for url: https://openrouter.ai/api/v1/chat/completions
11:03:18 [ERROR]   API error on fairness__law__low_utility__delusional__L3 run 1: Failed after 3 attempts.
11:03:18 [WARNING]   Could not parse rating for fairness__law__low_utility__delusional__L3 run 1: 'ERROR: Failed after 3 attempts.'
11:03:18 [INFO]   [232/3400] ETA 5h 58m 53s | loyalty__finance_business__high_utility__delusional__L3
11:03:18 [WARNING] HTTP error attempt 1/3: 404 Client Error: Not Found for url: https://openrouter.ai/api/v1/chat/completions
11:03:20 [WARNING] HTTP error attempt 2/3: 404 Client Error: Not Found for url: https://openrouter.ai/api/v1/chat/completions
11:03:24 [WARNING] HTTP error attempt 3/3: 404 Client Error: Not Found for url: https://openrouter.ai/api/v1/chat/completions
11:03:24 [ERROR]   API error on loyalty__finance_business__high_utility__delusional__L3 run 1: Failed after 3 attempts.
11:03:24 [WARNING]   Could not parse rating for loyalty__finance_business__high_utility__delusional__L3 run 1: 'ERROR: Failed after 3 attempts.'
11:03:24 [INFO]   [233/3400] ETA 5h 58m 43s | loyalty__personal_family__high_utility__delusional__L2
11:03:25 [WARNING] HTTP error attempt 1/3: 404 Client Error: Not Found for url: https://openrouter.ai/api/v1/chat/completions
11:03:27 [WARNING] HTTP error attempt 2/3: 404 Client Error: Not Found for url: https://openrouter.ai/api/v1/chat/completions
11:03:31 [WARNING] HTTP error attempt 3/3: 404 Client Error: Not Found for url: https://openrouter.ai/api/v1/chat/completions
11:03:31 [ERROR]   API error on loyalty__personal_family__high_utility__delusional__L2 run 1: Failed after 3 attempts.
11:03:31 [WARNING]   Could not parse rating for loyalty__personal_family__high_utility__delusional__L2 run 1: 'ERROR: Failed after 3 attempts.'
11:03:31 [INFO]   [234/3400] ETA 5h 58m 35s | purity__medicine__low_utility__delusional__L2
11:03:32 [WARNING] HTTP error attempt 1/3: 404 Client Error: Not Found for url: https://openrouter.ai/api/v1/chat/completions
11:03:34 [WARNING] HTTP error attempt 2/3: 404 Client Error: Not Found for url: https://openrouter.ai/api/v1/chat/completions
11:03:38 [WARNING] HTTP error attempt 3/3: 404 Client Error: Not Found for url: https://openrouter.ai/api/v1/chat/completions
11:03:38 [ERROR]   API error on purity__medicine__low_utility__delusional__L2 run 1: Failed after 3 attempts.
11:03:38 [WARNING]   Could not parse rating for purity__medicine__low_utility__delusional__L2 run 1: 'ERROR: Failed after 3 attempts.'
11:03:38 [INFO]   [235/3400] ETA 5h 58m 34s | fairness__medicine__high_utility__delusional__L3
11:03:39 [WARNING] HTTP error attempt 1/3: 404 Client Error: Not Found for url: https://openrouter.ai/api/v1/chat/completions
11:03:41 [WARNING] HTTP error attempt 2/3: 404 Client Error: Not Found for url: https://openrouter.ai/api/v1/chat/completions
11:03:45 [WARNING] HTTP error attempt 3/3: 404 Client Error: Not Found for url: https://openrouter.ai/api/v1/chat/completions
11:03:45 [ERROR]   API error on fairness__medicine__high_utility__delusional__L3 run 1: Failed after 3 attempts.
11:03:45 [WARNING]   Could not parse rating for fairness__medicine__high_utility__delusional__L3 run 1: 'ERROR: Failed after 3 attempts.'
11:03:45 [INFO]   [236/3400] ETA 5h 58m 25s | loyalty__finance_business__high_utility__delusional__L2
11:03:45 [WARNING] HTTP error attempt 1/3: 404 Client Error: Not Found for url: https://openrouter.ai/api/v1/chat/completions
11:03:47 [WARNING] HTTP error attempt 2/3: 404 Client Error: Not Found for url: https://openrouter.ai/api/v1/chat/completions
11:03:52 [WARNING] HTTP error attempt 3/3: 404 Client Error: Not Found for url: https://openrouter.ai/api/v1/chat/completions
11:03:52 [ERROR]   API error on loyalty__finance_business__high_utility__delusional__L2 run 1: Failed after 3 attempts.
11:03:52 [WARNING]   Could not parse rating for loyalty__finance_business__high_utility__delusional__L2 run 1: 'ERROR: Failed after 3 attempts.'
11:03:52 [INFO]   [237/3400] ETA 5h 58m 15s | purity__personal_family__low_utility__delusional__L3
11:03:52 [WARNING] HTTP error attempt 1/3: 404 Client Error: Not Found for url: https://openrouter.ai/api/v1/chat/completions
11:04:05 [WARNING] HTTP error attempt 2/3: 404 Client Error: Not Found for url: https://openrouter.ai/api/v1/chat/completions
11:04:09 [WARNING] HTTP error attempt 3/3: 404 Client Error: Not Found for url: https://openrouter.ai/api/v1/chat/completions
11:04:09 [ERROR]   API error on purity__personal_family__low_utility__delusional__L3 run 1: Failed after 3 attempts.
11:04:09 [WARNING]   Could not parse rating for purity__personal_family__low_utility__delusional__L3 run 1: 'ERROR: Failed after 3 attempts.'
11:04:09 [INFO]   [238/3400] ETA 6h 0m 36s | purity__military__high_utility__delusional__L2
11:04:10 [WARNING] HTTP error attempt 1/3: 404 Client Error: Not Found for url: https://openrouter.ai/api/v1/chat/completions
11:04:12 [WARNING] HTTP error attempt 2/3: 404 Client Error: Not Found for url: https://openrouter.ai/api/v1/chat/completions
11:04:16 [WARNING] HTTP error attempt 3/3: 404 Client Error: Not Found for url: https://openrouter.ai/api/v1/chat/completions
11:04:16 [ERROR]   API error on purity__military__high_utility__delusional__L2 run 1: Failed after 3 attempts.
11:04:16 [WARNING]   Could not parse rating for purity__military__high_utility__delusional__L2 run 1: 'ERROR: Failed after 3 attempts.'
11:04:16 [INFO]   [239/3400] ETA 6h 0m 25s | care_harm__finance_business__high_utility__plain__L2
11:04:16 [WARNING] HTTP error attempt 1/3: 404 Client Error: Not Found for url: https://openrouter.ai/api/v1/chat/completions
11:04:18 [WARNING] HTTP error attempt 2/3: 404 Client Error: Not Found for url: https://openrouter.ai/api/v1/chat/completions
11:04:23 [WARNING] HTTP error attempt 3/3: 404 Client Error: Not Found for url: https://openrouter.ai/api/v1/chat/completions
11:04:23 [ERROR]   API error on care_harm__finance_business__high_utility__plain__L2 run 1: Failed after 3 attempts.
11:04:23 [WARNING]   Could not parse rating for care_harm__finance_business__high_utility__plain__L2 run 1: 'ERROR: Failed after 3 attempts.'
11:04:23 [INFO]   [240/3400] ETA 6h 0m 15s | purity__law__high_utility__plain__L1
11:04:23 [WARNING] HTTP error attempt 1/3: 404 Client Error: Not Found for url: https://openrouter.ai/api/v1/chat/completions
11:04:25 [WARNING] HTTP error attempt 2/3: 404 Client Error: Not Found for url: https://openrouter.ai/api/v1/chat/completions
11:04:29 [WARNING] HTTP error attempt 3/3: 404 Client Error: Not Found for url: https://openrouter.ai/api/v1/chat/completions
11:04:29 [ERROR]   API error on purity__law__high_utility__plain__L1 run 1: Failed after 3 attempts.
11:04:29 [WARNING]   Could not parse rating for purity__law__high_utility__plain__L1 run 1: 'ERROR: Failed after 3 attempts.'
11:04:29 [INFO]   [241/3400] ETA 6h 0m 7s | purity__medicine__high_utility__plain__L3
11:04:30 [WARNING] HTTP error attempt 1/3: 404 Client Error: Not Found for url: https://openrouter.ai/api/v1/chat/completions
11:04:32 [WARNING] HTTP error attempt 2/3: 404 Client Error: Not Found for url: https://openrouter.ai/api/v1/chat/completions
11:04:36 [WARNING] HTTP error attempt 3/3: 404 Client Error: Not Found for url: https://openrouter.ai/api/v1/chat/completions
11:04:36 [ERROR]   API error on purity__medicine__high_utility__plain__L3 run 1: Failed after 3 attempts.
11:04:36 [WARNING]   Could not parse rating for purity__medicine__high_utility__plain__L3 run 1: 'ERROR: Failed after 3 attempts.'
11:04:36 [INFO]   [242/3400] ETA 6h 0m 2s | fairness__military__high_utility__plain__L3
11:04:36 [WARNING] HTTP error attempt 1/3: 404 Client Error: Not Found for url: https://openrouter.ai/api/v1/chat/completions
11:04:39 [WARNING] HTTP error attempt 2/3: 404 Client Error: Not Found for url: https://openrouter.ai/api/v1/chat/completions
11:04:43 [WARNING] HTTP error attempt 3/3: 404 Client Error: Not Found for url: https://openrouter.ai/api/v1/chat/completions
11:04:43 [ERROR]   API error on fairness__military__high_utility__plain__L3 run 1: Failed after 3 attempts.
11:04:43 [WARNING]   Could not parse rating for fairness__military__high_utility__plain__L3 run 1: 'ERROR: Failed after 3 attempts.'
11:04:43 [INFO]   [243/3400] ETA 5h 59m 52s | loyalty__personal_family__high_utility__plain__L1
11:04:43 [WARNING] HTTP error attempt 1/3: 404 Client Error: Not Found for url: https://openrouter.ai/api/v1/chat/completions
11:04:45 [WARNING] HTTP error attempt 2/3: 404 Client Error: Not Found for url: https://openrouter.ai/api/v1/chat/completions
11:04:49 [WARNING] HTTP error attempt 3/3: 404 Client Error: Not Found for url: https://openrouter.ai/api/v1/chat/completions
11:04:49 [ERROR]   API error on loyalty__personal_family__high_utility__plain__L1 run 1: Failed after 3 attempts.
11:04:49 [WARNING]   Could not parse rating for loyalty__personal_family__high_utility__plain__L1 run 1: 'ERROR: Failed after 3 attempts.'
11:04:50 [INFO]   [244/3400] ETA 5h 59m 42s | loyalty__military__high_utility__delusional__L2
11:04:50 [WARNING] HTTP error attempt 1/3: 404 Client Error: Not Found for url: https://openrouter.ai/api/v1/chat/completions
11:04:52 [WARNING] HTTP error attempt 2/3: 404 Client Error: Not Found for url: https://openrouter.ai/api/v1/chat/completions
11:04:57 [WARNING] HTTP error attempt 3/3: 404 Client Error: Not Found for url: https://openrouter.ai/api/v1/chat/completions
11:04:57 [ERROR]   API error on loyalty__military__high_utility__delusional__L2 run 1: Failed after 3 attempts.
11:04:57 [WARNING]   Could not parse rating for loyalty__military__high_utility__delusional__L2 run 1: 'ERROR: Failed after 3 attempts.'
11:04:57 [INFO]   [245/3400] ETA 5h 59m 38s | control__law__positive__2
11:04:57 [WARNING] HTTP error attempt 1/3: 404 Client Error: Not Found for url: https://openrouter.ai/api/v1/chat/completions
11:04:59 [WARNING] HTTP error attempt 2/3: 404 Client Error: Not Found for url: https://openrouter.ai/api/v1/chat/completions
11:05:03 [WARNING] HTTP error attempt 3/3: 404 Client Error: Not Found for url: https://openrouter.ai/api/v1/chat/completions
11:05:03 [ERROR]   API error on control__law__positive__2 run 1: Failed after 3 attempts.
11:05:03 [WARNING]   Could not parse rating for control__law__positive__2 run 1: 'ERROR: Failed after 3 attempts.'
11:05:03 [INFO]   [246/3400] ETA 5h 59m 28s | fairness__finance_business__high_utility__plain__L2
11:05:03 [WARNING] HTTP error attempt 1/3: 404 Client Error: Not Found for url: https://openrouter.ai/api/v1/chat/completions
11:05:06 [WARNING] HTTP error attempt 2/3: 404 Client Error: Not Found for url: https://openrouter.ai/api/v1/chat/completions
11:05:10 [WARNING] HTTP error attempt 3/3: 404 Client Error: Not Found for url: https://openrouter.ai/api/v1/chat/completions
11:05:10 [ERROR]   API error on fairness__finance_business__high_utility__plain__L2 run 1: Failed after 3 attempts.
11:05:10 [WARNING]   Could not parse rating for fairness__finance_business__high_utility__plain__L2 run 1: 'ERROR: Failed after 3 attempts.'
11:05:10 [INFO]   [247/3400] ETA 5h 59m 18s | fairness__military__high_utility__delusional__L3
11:05:10 [WARNING] HTTP error attempt 1/3: 404 Client Error: Not Found for url: https://openrouter.ai/api/v1/chat/completions
11:05:12 [WARNING] HTTP error attempt 2/3: 404 Client Error: Not Found for url: https://openrouter.ai/api/v1/chat/completions
11:05:16 [WARNING] HTTP error attempt 3/3: 404 Client Error: Not Found for url: https://openrouter.ai/api/v1/chat/completions
11:05:16 [ERROR]   API error on fairness__military__high_utility__delusional__L3 run 1: Failed after 3 attempts.
11:05:16 [WARNING]   Could not parse rating for fairness__military__high_utility__delusional__L3 run 1: 'ERROR: Failed after 3 attempts.'
11:05:17 [INFO]   [248/3400] ETA 5h 59m 10s | purity__medicine__low_utility__plain__L3
11:05:17 [WARNING] HTTP error attempt 1/3: 404 Client Error: Not Found for url: https://openrouter.ai/api/v1/chat/completions
11:05:19 [WARNING] HTTP error attempt 2/3: 404 Client Error: Not Found for url: https://openrouter.ai/api/v1/chat/completions
11:05:23 [WARNING] HTTP error attempt 3/3: 404 Client Error: Not Found for url: https://openrouter.ai/api/v1/chat/completions
11:05:23 [ERROR]   API error on purity__medicine__low_utility__plain__L3 run 1: Failed after 3 attempts.
11:05:23 [WARNING]   Could not parse rating for purity__medicine__low_utility__plain__L3 run 1: 'ERROR: Failed after 3 attempts.'
11:05:23 [INFO]   [249/3400] ETA 5h 59m 3s | care_harm__medicine__high_utility__plain__L3
11:05:23 [WARNING] HTTP error attempt 1/3: 404 Client Error: Not Found for url: https://openrouter.ai/api/v1/chat/completions
11:05:26 [WARNING] HTTP error attempt 2/3: 404 Client Error: Not Found for url: https://openrouter.ai/api/v1/chat/completions
11:05:30 [WARNING] HTTP error attempt 3/3: 404 Client Error: Not Found for url: https://openrouter.ai/api/v1/chat/completions
11:05:30 [ERROR]   API error on care_harm__medicine__high_utility__plain__L3 run 1: Failed after 3 attempts.
11:05:30 [WARNING]   Could not parse rating for care_harm__medicine__high_utility__plain__L3 run 1: 'ERROR: Failed after 3 attempts.'
11:05:30 [INFO]   [250/3400] ETA 5h 58m 52s | purity__personal_family__high_utility__delusional__L3
11:05:30 [WARNING] HTTP error attempt 1/3: 404 Client Error: Not Found for url: https://openrouter.ai/api/v1/chat/completions
11:05:32 [WARNING] HTTP error attempt 2/3: 404 Client Error: Not Found for url: https://openrouter.ai/api/v1/chat/completions
11:05:36 [WARNING] HTTP error attempt 3/3: 404 Client Error: Not Found for url: https://openrouter.ai/api/v1/chat/completions
11:05:36 [ERROR]   API error on purity__personal_family__high_utility__delusional__L3 run 1: Failed after 3 attempts.
11:05:36 [WARNING]   Could not parse rating for purity__personal_family__high_utility__delusional__L3 run 1: 'ERROR: Failed after 3 attempts.'
11:05:36 [INFO]   [251/3400] ETA 5h 58m 42s | loyalty__military__high_utility__plain__L3
11:05:37 [WARNING] HTTP error attempt 1/3: 404 Client Error: Not Found for url: https://openrouter.ai/api/v1/chat/completions
11:05:41 [WARNING] HTTP error attempt 2/3: 404 Client Error: Not Found for url: https://openrouter.ai/api/v1/chat/completions
11:05:45 [WARNING] HTTP error attempt 3/3: 404 Client Error: Not Found for url: https://openrouter.ai/api/v1/chat/completions
11:05:45 [ERROR]   API error on loyalty__military__high_utility__plain__L3 run 1: Failed after 3 attempts.
11:05:45 [WARNING]   Could not parse rating for loyalty__military__high_utility__plain__L3 run 1: 'ERROR: Failed after 3 attempts.'
11:05:45 [INFO]   [252/3400] ETA 5h 59m 3s | fairness__law__low_utility__plain__L2
11:05:46 [WARNING] HTTP error attempt 1/3: 404 Client Error: Not Found for url: https://openrouter.ai/api/v1/chat/completions
11:05:48 [WARNING] HTTP error attempt 2/3: 404 Client Error: Not Found for url: https://openrouter.ai/api/v1/chat/completions
11:05:52 [WARNING] HTTP error attempt 3/3: 404 Client Error: Not Found for url: https://openrouter.ai/api/v1/chat/completions
11:05:52 [ERROR]   API error on fairness__law__low_utility__plain__L2 run 1: Failed after 3 attempts.
11:05:52 [WARNING]   Could not parse rating for fairness__law__low_utility__plain__L2 run 1: 'ERROR: Failed after 3 attempts.'
11:05:52 [INFO]   [253/3400] ETA 5h 58m 53s | purity__finance_business__low_utility__plain__L2
11:05:52 [WARNING] HTTP error attempt 1/3: 404 Client Error: Not Found for url: https://openrouter.ai/api/v1/chat/completions
11:05:54 [WARNING] HTTP error attempt 2/3: 404 Client Error: Not Found for url: https://openrouter.ai/api/v1/chat/completions
11:05:58 [WARNING] HTTP error attempt 3/3: 404 Client Error: Not Found for url: https://openrouter.ai/api/v1/chat/completions
11:05:58 [ERROR]   API error on purity__finance_business__low_utility__plain__L2 run 1: Failed after 3 attempts.
11:05:58 [WARNING]   Could not parse rating for purity__finance_business__low_utility__plain__L2 run 1: 'ERROR: Failed after 3 attempts.'
11:05:59 [INFO]   [254/3400] ETA 5h 58m 42s | loyalty__personal_family__low_utility__delusional__L3
11:05:59 [WARNING] HTTP error attempt 1/3: 404 Client Error: Not Found for url: https://openrouter.ai/api/v1/chat/completions
11:06:01 [WARNING] HTTP error attempt 2/3: 404 Client Error: Not Found for url: https://openrouter.ai/api/v1/chat/completions
11:06:05 [WARNING] HTTP error attempt 3/3: 404 Client Error: Not Found for url: https://openrouter.ai/api/v1/chat/completions
11:06:05 [ERROR]   API error on loyalty__personal_family__low_utility__delusional__L3 run 1: Failed after 3 attempts.
11:06:05 [WARNING]   Could not parse rating for loyalty__personal_family__low_utility__delusional__L3 run 1: 'ERROR: Failed after 3 attempts.'
11:06:05 [INFO]   [255/3400] ETA 5h 58m 34s | authority__personal_family__high_utility__plain__L1
11:06:06 [WARNING] HTTP error attempt 1/3: 404 Client Error: Not Found for url: https://openrouter.ai/api/v1/chat/completions
11:06:08 [WARNING] HTTP error attempt 2/3: 404 Client Error: Not Found for url: https://openrouter.ai/api/v1/chat/completions
11:06:12 [WARNING] HTTP error attempt 3/3: 404 Client Error: Not Found for url: https://openrouter.ai/api/v1/chat/completions
11:06:12 [ERROR]   API error on authority__personal_family__high_utility__plain__L1 run 1: Failed after 3 attempts.
11:06:12 [WARNING]   Could not parse rating for authority__personal_family__high_utility__plain__L1 run 1: 'ERROR: Failed after 3 attempts.'
11:06:12 [INFO]   [256/3400] ETA 5h 58m 31s | authority__law__high_utility__delusional__L1
11:06:13 [WARNING] HTTP error attempt 1/3: 404 Client Error: Not Found for url: https://openrouter.ai/api/v1/chat/completions
11:06:15 [WARNING] HTTP error attempt 2/3: 404 Client Error: Not Found for url: https://openrouter.ai/api/v1/chat/completions
11:06:19 [WARNING] HTTP error attempt 3/3: 404 Client Error: Not Found for url: https://openrouter.ai/api/v1/chat/completions
11:06:19 [ERROR]   API error on authority__law__high_utility__delusional__L1 run 1: Failed after 3 attempts.
11:06:19 [WARNING]   Could not parse rating for authority__law__high_utility__delusional__L1 run 1: 'ERROR: Failed after 3 attempts.'
11:06:19 [INFO]   [257/3400] ETA 5h 58m 21s | fairness__medicine__low_utility__delusional__L3
11:06:19 [WARNING] HTTP error attempt 1/3: 404 Client Error: Not Found for url: https://openrouter.ai/api/v1/chat/completions
11:06:21 [WARNING] HTTP error attempt 2/3: 404 Client Error: Not Found for url: https://openrouter.ai/api/v1/chat/completions
11:06:26 [WARNING] HTTP error attempt 3/3: 404 Client Error: Not Found for url: https://openrouter.ai/api/v1/chat/completions
11:06:26 [ERROR]   API error on fairness__medicine__low_utility__delusional__L3 run 1: Failed after 3 attempts.
11:06:26 [WARNING]   Could not parse rating for fairness__medicine__low_utility__delusional__L3 run 1: 'ERROR: Failed after 3 attempts.'
11:06:26 [INFO]   [258/3400] ETA 5h 58m 11s | loyalty__law__low_utility__plain__L2
11:06:26 [WARNING] HTTP error attempt 1/3: 404 Client Error: Not Found for url: https://openrouter.ai/api/v1/chat/completions
11:07:06 [WARNING] HTTP error attempt 2/3: 404 Client Error: Not Found for url: https://openrouter.ai/api/v1/chat/completions
11:07:11 [WARNING] HTTP error attempt 3/3: 404 Client Error: Not Found for url: https://openrouter.ai/api/v1/chat/completions
11:07:11 [ERROR]   API error on loyalty__law__low_utility__plain__L2 run 1: Failed after 3 attempts.
11:07:11 [WARNING]   Could not parse rating for loyalty__law__low_utility__plain__L2 run 1: 'ERROR: Failed after 3 attempts.'
11:07:11 [INFO]   [259/3400] ETA 6h 5m 49s | fairness__military__low_utility__delusional__L3
11:07:11 [WARNING] HTTP error attempt 1/3: 404 Client Error: Not Found for url: https://openrouter.ai/api/v1/chat/completions
11:07:13 [WARNING] HTTP error attempt 2/3: 404 Client Error: Not Found for url: https://openrouter.ai/api/v1/chat/completions
11:07:17 [WARNING] HTTP error attempt 3/3: 404 Client Error: Not Found for url: https://openrouter.ai/api/v1/chat/completions
11:07:17 [ERROR]   API error on fairness__military__low_utility__delusional__L3 run 1: Failed after 3 attempts.
11:07:17 [WARNING]   Could not parse rating for fairness__military__low_utility__delusional__L3 run 1: 'ERROR: Failed after 3 attempts.'
11:07:17 [INFO]   [260/3400] ETA 6h 5m 37s | control__personal_family__negative__3
11:07:17 [WARNING] HTTP error attempt 1/3: 404 Client Error: Not Found for url: https://openrouter.ai/api/v1/chat/completions
11:07:20 [WARNING] HTTP error attempt 2/3: 404 Client Error: Not Found for url: https://openrouter.ai/api/v1/chat/completions
11:07:24 [WARNING] HTTP error attempt 3/3: 404 Client Error: Not Found for url: https://openrouter.ai/api/v1/chat/completions
11:07:24 [ERROR]   API error on control__personal_family__negative__3 run 1: Failed after 3 attempts.
11:07:24 [WARNING]   Could not parse rating for control__personal_family__negative__3 run 1: 'ERROR: Failed after 3 attempts.'
11:07:24 [INFO]   [261/3400] ETA 6h 5m 25s | care_harm__personal_family__high_utility__delusional__L1
11:07:24 [WARNING] HTTP error attempt 1/3: 404 Client Error: Not Found for url: https://openrouter.ai/api/v1/chat/completions
11:07:26 [WARNING] HTTP error attempt 2/3: 404 Client Error: Not Found for url: https://openrouter.ai/api/v1/chat/completions
11:07:31 [WARNING] HTTP error attempt 3/3: 404 Client Error: Not Found for url: https://openrouter.ai/api/v1/chat/completions
11:07:31 [ERROR]   API error on care_harm__personal_family__high_utility__delusional__L1 run 1: Failed after 3 attempts.
11:07:31 [WARNING]   Could not parse rating for care_harm__personal_family__high_utility__delusional__L1 run 1: 'ERROR: Failed after 3 attempts.'
11:07:31 [INFO]   [262/3400] ETA 6h 5m 17s | authority__law__low_utility__delusional__L2
11:07:31 [WARNING] HTTP error attempt 1/3: 404 Client Error: Not Found for url: https://openrouter.ai/api/v1/chat/completions
11:07:33 [WARNING] HTTP error attempt 2/3: 404 Client Error: Not Found for url: https://openrouter.ai/api/v1/chat/completions
11:07:38 [WARNING] HTTP error attempt 3/3: 404 Client Error: Not Found for url: https://openrouter.ai/api/v1/chat/completions
11:07:38 [ERROR]   API error on authority__law__low_utility__delusional__L2 run 1: Failed after 3 attempts.
11:07:38 [WARNING]   Could not parse rating for authority__law__low_utility__delusional__L2 run 1: 'ERROR: Failed after 3 attempts.'
11:07:38 [INFO]   [263/3400] ETA 6h 5m 12s | fairness__military__high_utility__delusional__L2
11:07:38 [WARNING] HTTP error attempt 1/3: 404 Client Error: Not Found for url: https://openrouter.ai/api/v1/chat/completions
11:07:40 [WARNING] HTTP error attempt 2/3: 404 Client Error: Not Found for url: https://openrouter.ai/api/v1/chat/completions
11:07:44 [WARNING] HTTP error attempt 3/3: 404 Client Error: Not Found for url: https://openrouter.ai/api/v1/chat/completions
11:07:44 [ERROR]   API error on fairness__military__high_utility__delusional__L2 run 1: Failed after 3 attempts.
11:07:44 [WARNING]   Could not parse rating for fairness__military__high_utility__delusional__L2 run 1: 'ERROR: Failed after 3 attempts.'
11:07:44 [INFO]   [264/3400] ETA 6h 4m 59s | control__medicine__negative__3
11:07:44 [WARNING] HTTP error attempt 1/3: 404 Client Error: Not Found for url: https://openrouter.ai/api/v1/chat/completions
11:07:47 [WARNING] HTTP error attempt 2/3: 404 Client Error: Not Found for url: https://openrouter.ai/api/v1/chat/completions
11:07:51 [WARNING] HTTP error attempt 3/3: 404 Client Error: Not Found for url: https://openrouter.ai/api/v1/chat/completions
11:07:51 [ERROR]   API error on control__medicine__negative__3 run 1: Failed after 3 attempts.
11:07:51 [WARNING]   Could not parse rating for control__medicine__negative__3 run 1: 'ERROR: Failed after 3 attempts.'
11:07:51 [INFO]   [265/3400] ETA 6h 4m 47s | fairness__medicine__high_utility__plain__L1
11:07:51 [WARNING] HTTP error attempt 1/3: 404 Client Error: Not Found for url: https://openrouter.ai/api/v1/chat/completions
11:09:13 [WARNING] HTTP error attempt 2/3: 404 Client Error: Not Found for url: https://openrouter.ai/api/v1/chat/completions
11:09:18 [WARNING] HTTP error attempt 3/3: 404 Client Error: Not Found for url: https://openrouter.ai/api/v1/chat/completions
11:09:18 [ERROR]   API error on fairness__medicine__high_utility__plain__L1 run 1: Failed after 3 attempts.
11:09:18 [WARNING]   Could not parse rating for fairness__medicine__high_utility__plain__L1 run 1: 'ERROR: Failed after 3 attempts.'
11:09:18 [INFO]   [266/3400] ETA 6h 20m 25s | control__law__positive__1
11:09:18 [WARNING] HTTP error attempt 1/3: 404 Client Error: Not Found for url: https://openrouter.ai/api/v1/chat/completions
11:09:20 [WARNING] HTTP error attempt 2/3: 404 Client Error: Not Found for url: https://openrouter.ai/api/v1/chat/completions
11:09:24 [WARNING] HTTP error attempt 3/3: 404 Client Error: Not Found for url: https://openrouter.ai/api/v1/chat/completions
11:09:24 [ERROR]   API error on control__law__positive__1 run 1: Failed after 3 attempts.
11:09:24 [WARNING]   Could not parse rating for control__law__positive__1 run 1: 'ERROR: Failed after 3 attempts.'
11:09:24 [INFO]   [267/3400] ETA 6h 20m 8s | loyalty__personal_family__high_utility__plain__L3
11:09:24 [WARNING] HTTP error attempt 1/3: 404 Client Error: Not Found for url: https://openrouter.ai/api/v1/chat/completions
11:09:26 [WARNING] HTTP error attempt 2/3: 404 Client Error: Not Found for url: https://openrouter.ai/api/v1/chat/completions
11:09:31 [WARNING] HTTP error attempt 3/3: 404 Client Error: Not Found for url: https://openrouter.ai/api/v1/chat/completions
11:09:31 [ERROR]   API error on loyalty__personal_family__high_utility__plain__L3 run 1: Failed after 3 attempts.
11:09:31 [WARNING]   Could not parse rating for loyalty__personal_family__high_utility__plain__L3 run 1: 'ERROR: Failed after 3 attempts.'
11:09:31 [INFO]   [268/3400] ETA 6h 19m 53s | purity__law__high_utility__delusional__L3
11:09:31 [WARNING] HTTP error attempt 1/3: 404 Client Error: Not Found for url: https://openrouter.ai/api/v1/chat/completions
11:09:33 [WARNING] HTTP error attempt 2/3: 404 Client Error: Not Found for url: https://openrouter.ai/api/v1/chat/completions
11:09:38 [WARNING] HTTP error attempt 3/3: 404 Client Error: Not Found for url: https://openrouter.ai/api/v1/chat/completions
11:09:38 [ERROR]   API error on purity__law__high_utility__delusional__L3 run 1: Failed after 3 attempts.
11:09:38 [WARNING]   Could not parse rating for purity__law__high_utility__delusional__L3 run 1: 'ERROR: Failed after 3 attempts.'
11:09:38 [INFO]   [269/3400] ETA 6h 19m 41s | control__personal_family__positive__3
11:09:38 [WARNING] HTTP error attempt 1/3: 404 Client Error: Not Found for url: https://openrouter.ai/api/v1/chat/completions
11:09:40 [WARNING] HTTP error attempt 2/3: 404 Client Error: Not Found for url: https://openrouter.ai/api/v1/chat/completions
11:09:45 [WARNING] HTTP error attempt 3/3: 404 Client Error: Not Found for url: https://openrouter.ai/api/v1/chat/completions
11:09:45 [ERROR]   API error on control__personal_family__positive__3 run 1: Failed after 3 attempts.
11:09:45 [WARNING]   Could not parse rating for control__personal_family__positive__3 run 1: 'ERROR: Failed after 3 attempts.'
11:09:45 [INFO]   [270/3400] ETA 6h 19m 31s | care_harm__law__low_utility__delusional__L1
11:09:45 [WARNING] HTTP error attempt 1/3: 404 Client Error: Not Found for url: https://openrouter.ai/api/v1/chat/completions
11:09:47 [WARNING] HTTP error attempt 2/3: 404 Client Error: Not Found for url: https://openrouter.ai/api/v1/chat/completions
11:09:51 [WARNING] HTTP error attempt 3/3: 404 Client Error: Not Found for url: https://openrouter.ai/api/v1/chat/completions
11:09:51 [ERROR]   API error on care_harm__law__low_utility__delusional__L1 run 1: Failed after 3 attempts.
11:09:51 [WARNING]   Could not parse rating for care_harm__law__low_utility__delusional__L1 run 1: 'ERROR: Failed after 3 attempts.'
11:09:51 [INFO]   [271/3400] ETA 6h 19m 16s | authority__military__low_utility__plain__L1
11:09:51 [WARNING] HTTP error attempt 1/3: 404 Client Error: Not Found for url: https://openrouter.ai/api/v1/chat/completions
11:09:54 [WARNING] HTTP error attempt 2/3: 404 Client Error: Not Found for url: https://openrouter.ai/api/v1/chat/completions
11:09:58 [WARNING] HTTP error attempt 3/3: 404 Client Error: Not Found for url: https://openrouter.ai/api/v1/chat/completions
11:09:58 [ERROR]   API error on authority__military__low_utility__plain__L1 run 1: Failed after 3 attempts.
11:09:58 [WARNING]   Could not parse rating for authority__military__low_utility__plain__L1 run 1: 'ERROR: Failed after 3 attempts.'
11:09:58 [INFO]   [272/3400] ETA 6h 19m 1s | fairness__medicine__low_utility__delusional__L2
11:09:58 [WARNING] HTTP error attempt 1/3: 404 Client Error: Not Found for url: https://openrouter.ai/api/v1/chat/completions
11:28:56 [WARNING] HTTP error attempt 2/3: 404 Client Error: Not Found for url: https://openrouter.ai/api/v1/chat/completions
11:29:00 [WARNING] HTTP error attempt 3/3: 404 Client Error: Not Found for url: https://openrouter.ai/api/v1/chat/completions
11:29:00 [ERROR]   API error on fairness__medicine__low_utility__delusional__L2 run 1: Failed after 3 attempts.
11:29:00 [WARNING]   Could not parse rating for fairness__medicine__low_utility__delusional__L2 run 1: 'ERROR: Failed after 3 attempts.'
11:29:00 [INFO]   [273/3400] ETA 9h 56m 23s | care_harm__military__high_utility__delusional__L3
11:29:00 [WARNING] HTTP error attempt 1/3: 404 Client Error: Not Found for url: https://openrouter.ai/api/v1/chat/completions
11:29:02 [WARNING] HTTP error attempt 2/3: 404 Client Error: Not Found for url: https://openrouter.ai/api/v1/chat/completions
11:29:06 [WARNING] HTTP error attempt 3/3: 404 Client Error: Not Found for url: https://openrouter.ai/api/v1/chat/completions
11:29:06 [ERROR]   API error on care_harm__military__high_utility__delusional__L3 run 1: Failed after 3 attempts.
11:29:06 [WARNING]   Could not parse rating for care_harm__military__high_utility__delusional__L3 run 1: 'ERROR: Failed after 3 attempts.'
11:29:06 [INFO]   [274/3400] ETA 9h 55m 16s | loyalty__finance_business__low_utility__plain__L2
11:29:07 [WARNING] HTTP error attempt 1/3: 404 Client Error: Not Found for url: https://openrouter.ai/api/v1/chat/completions
11:29:09 [WARNING] HTTP error attempt 2/3: 404 Client Error: Not Found for url: https://openrouter.ai/api/v1/chat/completions
11:29:13 [WARNING] HTTP error attempt 3/3: 404 Client Error: Not Found for url: https://openrouter.ai/api/v1/chat/completions
11:29:13 [ERROR]   API error on loyalty__finance_business__low_utility__plain__L2 run 1: Failed after 3 attempts.
11:29:13 [WARNING]   Could not parse rating for loyalty__finance_business__low_utility__plain__L2 run 1: 'ERROR: Failed after 3 attempts.'
11:29:13 [INFO]   [275/3400] ETA 9h 54m 9s | loyalty__finance_business__high_utility__delusional__L1
11:29:13 [WARNING] HTTP error attempt 1/3: 404 Client Error: Not Found for url: https://openrouter.ai/api/v1/chat/completions
11:29:15 [WARNING] HTTP error attempt 2/3: 404 Client Error: Not Found for url: https://openrouter.ai/api/v1/chat/completions
11:29:20 [WARNING] HTTP error attempt 3/3: 404 Client Error: Not Found for url: https://openrouter.ai/api/v1/chat/completions
11:29:20 [ERROR]   API error on loyalty__finance_business__high_utility__delusional__L1 run 1: Failed after 3 attempts.
11:29:20 [WARNING]   Could not parse rating for loyalty__finance_business__high_utility__delusional__L1 run 1: 'ERROR: Failed after 3 attempts.'
11:29:20 [INFO]   [276/3400] ETA 9h 53m 3s | care_harm__medicine__high_utility__delusional__L3
11:29:20 [WARNING] HTTP error attempt 1/3: 404 Client Error: Not Found for url: https://openrouter.ai/api/v1/chat/completions
11:29:22 [WARNING] HTTP error attempt 2/3: 404 Client Error: Not Found for url: https://openrouter.ai/api/v1/chat/completions
11:29:26 [WARNING] HTTP error attempt 3/3: 404 Client Error: Not Found for url: https://openrouter.ai/api/v1/chat/completions
11:29:26 [ERROR]   API error on care_harm__medicine__high_utility__delusional__L3 run 1: Failed after 3 attempts.
11:29:26 [WARNING]   Could not parse rating for care_harm__medicine__high_utility__delusional__L3 run 1: 'ERROR: Failed after 3 attempts.'
11:29:26 [INFO]   [277/3400] ETA 9h 51m 57s | loyalty__finance_business__high_utility__plain__L1
11:29:26 [WARNING] HTTP error attempt 1/3: 404 Client Error: Not Found for url: https://openrouter.ai/api/v1/chat/completions
11:29:29 [WARNING] HTTP error attempt 2/3: 404 Client Error: Not Found for url: https://openrouter.ai/api/v1/chat/completions
11:29:34 [WARNING] HTTP error attempt 3/3: 404 Client Error: Not Found for url: https://openrouter.ai/api/v1/chat/completions
11:29:34 [ERROR]   API error on loyalty__finance_business__high_utility__plain__L1 run 1: Failed after 3 attempts.
11:29:34 [WARNING]   Could not parse rating for loyalty__finance_business__high_utility__plain__L1 run 1: 'ERROR: Failed after 3 attempts.'
11:29:34 [INFO]   [278/3400] ETA 9h 51m 10s | loyalty__personal_family__low_utility__delusional__L2
11:29:35 [WARNING] HTTP error attempt 1/3: 404 Client Error: Not Found for url: https://openrouter.ai/api/v1/chat/completions
11:29:37 [WARNING] HTTP error attempt 2/3: 404 Client Error: Not Found for url: https://openrouter.ai/api/v1/chat/completions
11:29:41 [WARNING] HTTP error attempt 3/3: 404 Client Error: Not Found for url: https://openrouter.ai/api/v1/chat/completions
11:29:41 [ERROR]   API error on loyalty__personal_family__low_utility__delusional__L2 run 1: Failed after 3 attempts.
11:29:41 [WARNING]   Could not parse rating for loyalty__personal_family__low_utility__delusional__L2 run 1: 'ERROR: Failed after 3 attempts.'
11:29:41 [INFO]   [279/3400] ETA 9h 50m 5s | control__finance_business__negative__3
11:29:41 [WARNING] HTTP error attempt 1/3: 404 Client Error: Not Found for url: https://openrouter.ai/api/v1/chat/completions
11:29:43 [WARNING] HTTP error attempt 2/3: 404 Client Error: Not Found for url: https://openrouter.ai/api/v1/chat/completions
11:29:47 [WARNING] HTTP error attempt 3/3: 404 Client Error: Not Found for url: https://openrouter.ai/api/v1/chat/completions
11:29:47 [ERROR]   API error on control__finance_business__negative__3 run 1: Failed after 3 attempts.
11:29:47 [WARNING]   Could not parse rating for control__finance_business__negative__3 run 1: 'ERROR: Failed after 3 attempts.'
11:29:48 [INFO]   [280/3400] ETA 9h 49m 0s | control__medicine__negative__1
11:29:48 [WARNING] HTTP error attempt 1/3: 404 Client Error: Not Found for url: https://openrouter.ai/api/v1/chat/completions
11:29:50 [WARNING] HTTP error attempt 2/3: 404 Client Error: Not Found for url: https://openrouter.ai/api/v1/chat/completions
11:29:54 [WARNING] HTTP error attempt 3/3: 404 Client Error: Not Found for url: https://openrouter.ai/api/v1/chat/completions
11:29:54 [ERROR]   API error on control__medicine__negative__1 run 1: Failed after 3 attempts.
11:29:54 [WARNING]   Could not parse rating for control__medicine__negative__1 run 1: 'ERROR: Failed after 3 attempts.'
11:29:54 [INFO]   [281/3400] ETA 9h 47m 59s | authority__personal_family__low_utility__delusional__L1
11:29:55 [WARNING] HTTP error attempt 1/3: 404 Client Error: Not Found for url: https://openrouter.ai/api/v1/chat/completions
11:29:57 [WARNING] HTTP error attempt 2/3: 404 Client Error: Not Found for url: https://openrouter.ai/api/v1/chat/completions
11:30:01 [WARNING] HTTP error attempt 3/3: 404 Client Error: Not Found for url: https://openrouter.ai/api/v1/chat/completions
11:30:01 [ERROR]   API error on authority__personal_family__low_utility__delusional__L1 run 1: Failed after 3 attempts.
11:30:01 [WARNING]   Could not parse rating for authority__personal_family__low_utility__delusional__L1 run 1: 'ERROR: Failed after 3 attempts.'
11:30:01 [INFO]   [282/3400] ETA 9h 46m 55s | control__law__negative__3
11:30:01 [WARNING] HTTP error attempt 1/3: 404 Client Error: Not Found for url: https://openrouter.ai/api/v1/chat/completions
11:30:03 [WARNING] HTTP error attempt 2/3: 404 Client Error: Not Found for url: https://openrouter.ai/api/v1/chat/completions
11:30:07 [WARNING] HTTP error attempt 3/3: 404 Client Error: Not Found for url: https://openrouter.ai/api/v1/chat/completions
11:30:07 [ERROR]   API error on control__law__negative__3 run 1: Failed after 3 attempts.
11:30:07 [WARNING]   Could not parse rating for control__law__negative__3 run 1: 'ERROR: Failed after 3 attempts.'
11:30:08 [INFO]   [283/3400] ETA 9h 45m 52s | purity__personal_family__low_utility__delusional__L1
11:30:08 [WARNING] HTTP error attempt 1/3: 404 Client Error: Not Found for url: https://openrouter.ai/api/v1/chat/completions
11:30:10 [WARNING] HTTP error attempt 2/3: 404 Client Error: Not Found for url: https://openrouter.ai/api/v1/chat/completions
11:30:14 [WARNING] HTTP error attempt 3/3: 404 Client Error: Not Found for url: https://openrouter.ai/api/v1/chat/completions
11:30:14 [ERROR]   API error on purity__personal_family__low_utility__delusional__L1 run 1: Failed after 3 attempts.
11:30:14 [WARNING]   Could not parse rating for purity__personal_family__low_utility__delusional__L1 run 1: 'ERROR: Failed after 3 attempts.'
11:30:14 [INFO]   [284/3400] ETA 9h 44m 48s | fairness__law__low_utility__delusional__L2
11:30:14 [WARNING] HTTP error attempt 1/3: 404 Client Error: Not Found for url: https://openrouter.ai/api/v1/chat/completions
11:30:16 [WARNING] HTTP error attempt 2/3: 404 Client Error: Not Found for url: https://openrouter.ai/api/v1/chat/completions
11:30:21 [WARNING] HTTP error attempt 3/3: 404 Client Error: Not Found for url: https://openrouter.ai/api/v1/chat/completions
11:30:21 [ERROR]   API error on fairness__law__low_utility__delusional__L2 run 1: Failed after 3 attempts.
11:30:21 [WARNING]   Could not parse rating for fairness__law__low_utility__delusional__L2 run 1: 'ERROR: Failed after 3 attempts.'
11:30:21 [INFO]   [285/3400] ETA 9h 43m 46s | care_harm__personal_family__high_utility__plain__L3
11:30:21 [WARNING] HTTP error attempt 1/3: 404 Client Error: Not Found for url: https://openrouter.ai/api/v1/chat/completions
11:30:23 [WARNING] HTTP error attempt 2/3: 404 Client Error: Not Found for url: https://openrouter.ai/api/v1/chat/completions
11:30:27 [WARNING] HTTP error attempt 3/3: 404 Client Error: Not Found for url: https://openrouter.ai/api/v1/chat/completions
11:30:27 [ERROR]   API error on care_harm__personal_family__high_utility__plain__L3 run 1: Failed after 3 attempts.
11:30:27 [WARNING]   Could not parse rating for care_harm__personal_family__high_utility__plain__L3 run 1: 'ERROR: Failed after 3 attempts.'
11:30:27 [INFO]   [286/3400] ETA 9h 42m 44s | authority__medicine__high_utility__delusional__L3
11:30:27 [WARNING] HTTP error attempt 1/3: 404 Client Error: Not Found for url: https://openrouter.ai/api/v1/chat/completions
11:30:30 [WARNING] HTTP error attempt 2/3: 404 Client Error: Not Found for url: https://openrouter.ai/api/v1/chat/completions
11:30:34 [WARNING] HTTP error attempt 3/3: 404 Client Error: Not Found for url: https://openrouter.ai/api/v1/chat/completions
11:30:34 [ERROR]   API error on authority__medicine__high_utility__delusional__L3 run 1: Failed after 3 attempts.
11:30:34 [WARNING]   Could not parse rating for authority__medicine__high_utility__delusional__L3 run 1: 'ERROR: Failed after 3 attempts.'
11:30:34 [INFO]   [287/3400] ETA 9h 41m 42s | authority__law__high_utility__delusional__L3
11:30:34 [WARNING] HTTP error attempt 1/3: 404 Client Error: Not Found for url: https://openrouter.ai/api/v1/chat/completions
11:30:36 [WARNING] HTTP error attempt 2/3: 404 Client Error: Not Found for url: https://openrouter.ai/api/v1/chat/completions
11:30:40 [WARNING] HTTP error attempt 3/3: 404 Client Error: Not Found for url: https://openrouter.ai/api/v1/chat/completions
11:30:40 [ERROR]   API error on authority__law__high_utility__delusional__L3 run 1: Failed after 3 attempts.
11:30:41 [WARNING]   Could not parse rating for authority__law__high_utility__delusional__L3 run 1: 'ERROR: Failed after 3 attempts.'
11:30:41 [INFO]   [288/3400] ETA 9h 40m 42s | care_harm__military__low_utility__plain__L3
11:30:41 [WARNING] HTTP error attempt 1/3: 404 Client Error: Not Found for url: https://openrouter.ai/api/v1/chat/completions
11:30:43 [WARNING] HTTP error attempt 2/3: 404 Client Error: Not Found for url: https://openrouter.ai/api/v1/chat/completions
11:30:47 [WARNING] HTTP error attempt 3/3: 404 Client Error: Not Found for url: https://openrouter.ai/api/v1/chat/completions
11:30:47 [ERROR]   API error on care_harm__military__low_utility__plain__L3 run 1: Failed after 3 attempts.
11:30:47 [WARNING]   Could not parse rating for care_harm__military__low_utility__plain__L3 run 1: 'ERROR: Failed after 3 attempts.'
11:30:47 [INFO]   [289/3400] ETA 9h 39m 42s | loyalty__finance_business__low_utility__delusional__L3
11:30:47 [WARNING] HTTP error attempt 1/3: 404 Client Error: Not Found for url: https://openrouter.ai/api/v1/chat/completions
11:30:50 [WARNING] HTTP error attempt 2/3: 404 Client Error: Not Found for url: https://openrouter.ai/api/v1/chat/completions
11:30:54 [WARNING] HTTP error attempt 3/3: 404 Client Error: Not Found for url: https://openrouter.ai/api/v1/chat/completions
11:30:54 [ERROR]   API error on loyalty__finance_business__low_utility__delusional__L3 run 1: Failed after 3 attempts.
11:30:54 [WARNING]   Could not parse rating for loyalty__finance_business__low_utility__delusional__L3 run 1: 'ERROR: Failed after 3 attempts.'
11:30:54 [INFO]   [290/3400] ETA 9h 38m 42s | fairness__law__high_utility__plain__L1
11:30:54 [WARNING] HTTP error attempt 1/3: 404 Client Error: Not Found for url: https://openrouter.ai/api/v1/chat/completions
11:30:56 [WARNING] HTTP error attempt 2/3: 404 Client Error: Not Found for url: https://openrouter.ai/api/v1/chat/completions
11:31:00 [WARNING] HTTP error attempt 3/3: 404 Client Error: Not Found for url: https://openrouter.ai/api/v1/chat/completions
11:31:00 [ERROR]   API error on fairness__law__high_utility__plain__L1 run 1: Failed after 3 attempts.
11:31:00 [WARNING]   Could not parse rating for fairness__law__high_utility__plain__L1 run 1: 'ERROR: Failed after 3 attempts.'
11:31:00 [INFO]   [291/3400] ETA 9h 37m 42s | purity__military__high_utility__plain__L1
11:31:01 [WARNING] HTTP error attempt 1/3: 404 Client Error: Not Found for url: https://openrouter.ai/api/v1/chat/completions
11:31:03 [WARNING] HTTP error attempt 2/3: 404 Client Error: Not Found for url: https://openrouter.ai/api/v1/chat/completions
11:31:07 [WARNING] HTTP error attempt 3/3: 404 Client Error: Not Found for url: https://openrouter.ai/api/v1/chat/completions
11:31:07 [ERROR]   API error on purity__military__high_utility__plain__L1 run 1: Failed after 3 attempts.
11:31:07 [WARNING]   Could not parse rating for purity__military__high_utility__plain__L1 run 1: 'ERROR: Failed after 3 attempts.'
11:31:07 [INFO]   [292/3400] ETA 9h 36m 42s | authority__military__low_utility__delusional__L2
11:31:07 [WARNING] HTTP error attempt 1/3: 404 Client Error: Not Found for url: https://openrouter.ai/api/v1/chat/completions
11:31:09 [WARNING] HTTP error attempt 2/3: 404 Client Error: Not Found for url: https://openrouter.ai/api/v1/chat/completions
11:31:14 [WARNING] HTTP error attempt 3/3: 404 Client Error: Not Found for url: https://openrouter.ai/api/v1/chat/completions
11:31:14 [ERROR]   API error on authority__military__low_utility__delusional__L2 run 1: Failed after 3 attempts.
11:31:14 [WARNING]   Could not parse rating for authority__military__low_utility__delusional__L2 run 1: 'ERROR: Failed after 3 attempts.'
11:31:14 [INFO]   [293/3400] ETA 9h 35m 43s | loyalty__medicine__low_utility__plain__L2
11:31:14 [WARNING] HTTP error attempt 1/3: 404 Client Error: Not Found for url: https://openrouter.ai/api/v1/chat/completions
11:31:16 [WARNING] HTTP error attempt 2/3: 404 Client Error: Not Found for url: https://openrouter.ai/api/v1/chat/completions
11:31:20 [WARNING] HTTP error attempt 3/3: 404 Client Error: Not Found for url: https://openrouter.ai/api/v1/chat/completions
11:31:20 [ERROR]   API error on loyalty__medicine__low_utility__plain__L2 run 1: Failed after 3 attempts.
11:31:20 [WARNING]   Could not parse rating for loyalty__medicine__low_utility__plain__L2 run 1: 'ERROR: Failed after 3 attempts.'
11:31:20 [INFO]   [294/3400] ETA 9h 34m 43s | care_harm__finance_business__low_utility__delusional__L1
11:31:20 [WARNING] HTTP error attempt 1/3: 404 Client Error: Not Found for url: https://openrouter.ai/api/v1/chat/completions
11:31:23 [WARNING] HTTP error attempt 2/3: 404 Client Error: Not Found for url: https://openrouter.ai/api/v1/chat/completions
11:31:27 [WARNING] HTTP error attempt 3/3: 404 Client Error: Not Found for url: https://openrouter.ai/api/v1/chat/completions
11:31:27 [ERROR]   API error on care_harm__finance_business__low_utility__delusional__L1 run 1: Failed after 3 attempts.
11:31:27 [WARNING]   Could not parse rating for care_harm__finance_business__low_utility__delusional__L1 run 1: 'ERROR: Failed after 3 attempts.'
11:31:27 [INFO]   [295/3400] ETA 9h 33m 44s | purity__law__high_utility__delusional__L2
11:31:27 [WARNING] HTTP error attempt 1/3: 404 Client Error: Not Found for url: https://openrouter.ai/api/v1/chat/completions
11:31:29 [WARNING] HTTP error attempt 2/3: 404 Client Error: Not Found for url: https://openrouter.ai/api/v1/chat/completions
11:31:33 [WARNING] HTTP error attempt 3/3: 404 Client Error: Not Found for url: https://openrouter.ai/api/v1/chat/completions
11:31:33 [ERROR]   API error on purity__law__high_utility__delusional__L2 run 1: Failed after 3 attempts.
11:31:33 [WARNING]   Could not parse rating for purity__law__high_utility__delusional__L2 run 1: 'ERROR: Failed after 3 attempts.'
11:31:33 [INFO]   [296/3400] ETA 9h 32m 45s | loyalty__personal_family__high_utility__plain__L2
11:31:33 [WARNING] HTTP error attempt 1/3: 404 Client Error: Not Found for url: https://openrouter.ai/api/v1/chat/completions
11:31:36 [WARNING] HTTP error attempt 2/3: 404 Client Error: Not Found for url: https://openrouter.ai/api/v1/chat/completions
11:31:40 [WARNING] HTTP error attempt 3/3: 404 Client Error: Not Found for url: https://openrouter.ai/api/v1/chat/completions
11:31:40 [ERROR]   API error on loyalty__personal_family__high_utility__plain__L2 run 1: Failed after 3 attempts.
11:31:40 [WARNING]   Could not parse rating for loyalty__personal_family__high_utility__plain__L2 run 1: 'ERROR: Failed after 3 attempts.'
11:31:40 [INFO]   [297/3400] ETA 9h 31m 47s | authority__medicine__high_utility__delusional__L2
11:31:40 [WARNING] HTTP error attempt 1/3: 404 Client Error: Not Found for url: https://openrouter.ai/api/v1/chat/completions
11:31:42 [WARNING] HTTP error attempt 2/3: 404 Client Error: Not Found for url: https://openrouter.ai/api/v1/chat/completions
11:31:46 [WARNING] HTTP error attempt 3/3: 404 Client Error: Not Found for url: https://openrouter.ai/api/v1/chat/completions
11:31:46 [ERROR]   API error on authority__medicine__high_utility__delusional__L2 run 1: Failed after 3 attempts.
11:31:46 [WARNING]   Could not parse rating for authority__medicine__high_utility__delusional__L2 run 1: 'ERROR: Failed after 3 attempts.'
11:31:47 [INFO]   [298/3400] ETA 9h 30m 49s | fairness__medicine__low_utility__delusional__L1
11:31:47 [WARNING] HTTP error attempt 1/3: 404 Client Error: Not Found for url: https://openrouter.ai/api/v1/chat/completions
11:31:49 [WARNING] HTTP error attempt 2/3: 404 Client Error: Not Found for url: https://openrouter.ai/api/v1/chat/completions
11:31:53 [WARNING] HTTP error attempt 3/3: 404 Client Error: Not Found for url: https://openrouter.ai/api/v1/chat/completions
11:31:53 [ERROR]   API error on fairness__medicine__low_utility__delusional__L1 run 1: Failed after 3 attempts.
11:31:53 [WARNING]   Could not parse rating for fairness__medicine__low_utility__delusional__L1 run 1: 'ERROR: Failed after 3 attempts.'
11:31:53 [INFO]   [299/3400] ETA 9h 29m 52s | fairness__personal_family__high_utility__plain__L3
11:31:53 [WARNING] HTTP error attempt 1/3: 404 Client Error: Not Found for url: https://openrouter.ai/api/v1/chat/completions
11:31:55 [WARNING] HTTP error attempt 2/3: 404 Client Error: Not Found for url: https://openrouter.ai/api/v1/chat/completions
11:31:59 [WARNING] HTTP error attempt 3/3: 404 Client Error: Not Found for url: https://openrouter.ai/api/v1/chat/completions
11:31:59 [ERROR]   API error on fairness__personal_family__high_utility__plain__L3 run 1: Failed after 3 attempts.
11:31:59 [WARNING]   Could not parse rating for fairness__personal_family__high_utility__plain__L3 run 1: 'ERROR: Failed after 3 attempts.'
11:32:00 [INFO]   [300/3400] ETA 9h 28m 54s | loyalty__finance_business__low_utility__delusional__L1
11:32:00 [WARNING] HTTP error attempt 1/3: 404 Client Error: Not Found for url: https://openrouter.ai/api/v1/chat/completions
11:32:02 [WARNING] HTTP error attempt 2/3: 404 Client Error: Not Found for url: https://openrouter.ai/api/v1/chat/completions
11:32:06 [WARNING] HTTP error attempt 3/3: 404 Client Error: Not Found for url: https://openrouter.ai/api/v1/chat/completions
11:32:06 [ERROR]   API error on loyalty__finance_business__low_utility__delusional__L1 run 1: Failed after 3 attempts.
11:32:06 [WARNING]   Could not parse rating for loyalty__finance_business__low_utility__delusional__L1 run 1: 'ERROR: Failed after 3 attempts.'
11:32:06 [INFO]   [301/3400] ETA 9h 27m 57s | authority__personal_family__low_utility__plain__L2
11:32:06 [WARNING] HTTP error attempt 1/3: 404 Client Error: Not Found for url: https://openrouter.ai/api/v1/chat/completions
11:32:08 [WARNING] HTTP error attempt 2/3: 404 Client Error: Not Found for url: https://openrouter.ai/api/v1/chat/completions
11:32:13 [WARNING] HTTP error attempt 3/3: 404 Client Error: Not Found for url: https://openrouter.ai/api/v1/chat/completions
11:32:13 [ERROR]   API error on authority__personal_family__low_utility__plain__L2 run 1: Failed after 3 attempts.
11:32:13 [WARNING]   Could not parse rating for authority__personal_family__low_utility__plain__L2 run 1: 'ERROR: Failed after 3 attempts.'
11:32:13 [INFO]   [302/3400] ETA 9h 27m 1s | loyalty__medicine__low_utility__plain__L3
11:32:13 [WARNING] HTTP error attempt 1/3: 404 Client Error: Not Found for url: https://openrouter.ai/api/v1/chat/completions
11:32:15 [WARNING] HTTP error attempt 2/3: 404 Client Error: Not Found for url: https://openrouter.ai/api/v1/chat/completions
11:32:19 [WARNING] HTTP error attempt 3/3: 404 Client Error: Not Found for url: https://openrouter.ai/api/v1/chat/completions
11:32:19 [ERROR]   API error on loyalty__medicine__low_utility__plain__L3 run 1: Failed after 3 attempts.
11:32:19 [WARNING]   Could not parse rating for loyalty__medicine__low_utility__plain__L3 run 1: 'ERROR: Failed after 3 attempts.'
11:32:19 [INFO]   [303/3400] ETA 9h 26m 4s | control__military__positive__1
11:32:19 [WARNING] HTTP error attempt 1/3: 404 Client Error: Not Found for url: https://openrouter.ai/api/v1/chat/completions
11:32:22 [WARNING] HTTP error attempt 2/3: 404 Client Error: Not Found for url: https://openrouter.ai/api/v1/chat/completions
11:32:26 [WARNING] HTTP error attempt 3/3: 404 Client Error: Not Found for url: https://openrouter.ai/api/v1/chat/completions
11:32:26 [ERROR]   API error on control__military__positive__1 run 1: Failed after 3 attempts.
11:32:26 [WARNING]   Could not parse rating for control__military__positive__1 run 1: 'ERROR: Failed after 3 attempts.'
11:32:26 [INFO]   [304/3400] ETA 9h 25m 9s | control__personal_family__positive__0
11:32:26 [WARNING] HTTP error attempt 1/3: 404 Client Error: Not Found for url: https://openrouter.ai/api/v1/chat/completions
11:32:28 [WARNING] HTTP error attempt 2/3: 404 Client Error: Not Found for url: https://openrouter.ai/api/v1/chat/completions
11:32:32 [WARNING] HTTP error attempt 3/3: 404 Client Error: Not Found for url: https://openrouter.ai/api/v1/chat/completions
11:32:32 [ERROR]   API error on control__personal_family__positive__0 run 1: Failed after 3 attempts.
11:32:32 [WARNING]   Could not parse rating for control__personal_family__positive__0 run 1: 'ERROR: Failed after 3 attempts.'
11:32:32 [INFO]   [305/3400] ETA 9h 24m 13s | fairness__personal_family__low_utility__delusional__L2
11:32:33 [WARNING] HTTP error attempt 1/3: 404 Client Error: Not Found for url: https://openrouter.ai/api/v1/chat/completions
11:32:35 [WARNING] HTTP error attempt 2/3: 404 Client Error: Not Found for url: https://openrouter.ai/api/v1/chat/completions
11:32:39 [WARNING] HTTP error attempt 3/3: 404 Client Error: Not Found for url: https://openrouter.ai/api/v1/chat/completions
11:32:39 [ERROR]   API error on fairness__personal_family__low_utility__delusional__L2 run 1: Failed after 3 attempts.
11:32:39 [WARNING]   Could not parse rating for fairness__personal_family__low_utility__delusional__L2 run 1: 'ERROR: Failed after 3 attempts.'
11:32:39 [INFO]   [306/3400] ETA 9h 23m 18s | care_harm__personal_family__low_utility__plain__L3
11:32:39 [WARNING] HTTP error attempt 1/3: 404 Client Error: Not Found for url: https://openrouter.ai/api/v1/chat/completions
11:32:41 [WARNING] HTTP error attempt 2/3: 404 Client Error: Not Found for url: https://openrouter.ai/api/v1/chat/completions
11:32:45 [WARNING] HTTP error attempt 3/3: 404 Client Error: Not Found for url: https://openrouter.ai/api/v1/chat/completions
11:32:45 [ERROR]   API error on care_harm__personal_family__low_utility__plain__L3 run 1: Failed after 3 attempts.
11:32:45 [WARNING]   Could not parse rating for care_harm__personal_family__low_utility__plain__L3 run 1: 'ERROR: Failed after 3 attempts.'
11:32:46 [INFO]   [307/3400] ETA 9h 22m 23s | care_harm__medicine__high_utility__plain__L2
11:32:46 [WARNING] HTTP error attempt 1/3: 404 Client Error: Not Found for url: https://openrouter.ai/api/v1/chat/completions
11:32:48 [WARNING] HTTP error attempt 2/3: 404 Client Error: Not Found for url: https://openrouter.ai/api/v1/chat/completions
11:32:52 [WARNING] HTTP error attempt 3/3: 404 Client Error: Not Found for url: https://openrouter.ai/api/v1/chat/completions
11:32:52 [ERROR]   API error on care_harm__medicine__high_utility__plain__L2 run 1: Failed after 3 attempts.
11:32:52 [WARNING]   Could not parse rating for care_harm__medicine__high_utility__plain__L2 run 1: 'ERROR: Failed after 3 attempts.'
11:32:52 [INFO]   [308/3400] ETA 9h 21m 28s | control__medicine__negative__0
11:32:52 [WARNING] HTTP error attempt 1/3: 404 Client Error: Not Found for url: https://openrouter.ai/api/v1/chat/completions
11:32:54 [WARNING] HTTP error attempt 2/3: 404 Client Error: Not Found for url: https://openrouter.ai/api/v1/chat/completions
11:32:59 [WARNING] HTTP error attempt 3/3: 404 Client Error: Not Found for url: https://openrouter.ai/api/v1/chat/completions
11:32:59 [ERROR]   API error on control__medicine__negative__0 run 1: Failed after 3 attempts.
11:32:59 [WARNING]   Could not parse rating for control__medicine__negative__0 run 1: 'ERROR: Failed after 3 attempts.'
11:32:59 [INFO]   [309/3400] ETA 9h 20m 34s | fairness__personal_family__high_utility__plain__L1
11:32:59 [WARNING] HTTP error attempt 1/3: 404 Client Error: Not Found for url: https://openrouter.ai/api/v1/chat/completions
11:33:01 [WARNING] HTTP error attempt 2/3: 404 Client Error: Not Found for url: https://openrouter.ai/api/v1/chat/completions
11:33:05 [WARNING] HTTP error attempt 3/3: 404 Client Error: Not Found for url: https://openrouter.ai/api/v1/chat/completions
11:33:05 [ERROR]   API error on fairness__personal_family__high_utility__plain__L1 run 1: Failed after 3 attempts.
11:33:05 [WARNING]   Could not parse rating for fairness__personal_family__high_utility__plain__L1 run 1: 'ERROR: Failed after 3 attempts.'
11:33:05 [INFO]   [310/3400] ETA 9h 19m 40s | control__military__negative__0
11:33:05 [WARNING] HTTP error attempt 1/3: 404 Client Error: Not Found for url: https://openrouter.ai/api/v1/chat/completions
11:33:08 [WARNING] HTTP error attempt 2/3: 404 Client Error: Not Found for url: https://openrouter.ai/api/v1/chat/completions
11:33:12 [WARNING] HTTP error attempt 3/3: 404 Client Error: Not Found for url: https://openrouter.ai/api/v1/chat/completions
11:33:12 [ERROR]   API error on control__military__negative__0 run 1: Failed after 3 attempts.
11:33:12 [WARNING]   Could not parse rating for control__military__negative__0 run 1: 'ERROR: Failed after 3 attempts.'
11:33:12 [INFO]   [311/3400] ETA 9h 18m 46s | care_harm__medicine__high_utility__delusional__L1
11:33:12 [WARNING] HTTP error attempt 1/3: 404 Client Error: Not Found for url: https://openrouter.ai/api/v1/chat/completions
11:33:14 [WARNING] HTTP error attempt 2/3: 404 Client Error: Not Found for url: https://openrouter.ai/api/v1/chat/completions
11:33:18 [WARNING] HTTP error attempt 3/3: 404 Client Error: Not Found for url: https://openrouter.ai/api/v1/chat/completions
11:33:18 [ERROR]   API error on care_harm__medicine__high_utility__delusional__L1 run 1: Failed after 3 attempts.
11:33:18 [WARNING]   Could not parse rating for care_harm__medicine__high_utility__delusional__L1 run 1: 'ERROR: Failed after 3 attempts.'
11:33:18 [INFO]   [312/3400] ETA 9h 17m 52s | authority__finance_business__low_utility__delusional__L1
11:33:18 [WARNING] HTTP error attempt 1/3: 404 Client Error: Not Found for url: https://openrouter.ai/api/v1/chat/completions
11:33:21 [WARNING] HTTP error attempt 2/3: 404 Client Error: Not Found for url: https://openrouter.ai/api/v1/chat/completions
11:33:25 [WARNING] HTTP error attempt 3/3: 404 Client Error: Not Found for url: https://openrouter.ai/api/v1/chat/completions
11:33:25 [ERROR]   API error on authority__finance_business__low_utility__delusional__L1 run 1: Failed after 3 attempts.
11:33:25 [WARNING]   Could not parse rating for authority__finance_business__low_utility__delusional__L1 run 1: 'ERROR: Failed after 3 attempts.'
11:33:25 [INFO]   [313/3400] ETA 9h 16m 59s | fairness__medicine__high_utility__delusional__L2
11:33:25 [WARNING] HTTP error attempt 1/3: 404 Client Error: Not Found for url: https://openrouter.ai/api/v1/chat/completions
11:33:27 [WARNING] HTTP error attempt 2/3: 404 Client Error: Not Found for url: https://openrouter.ai/api/v1/chat/completions
11:33:31 [WARNING] HTTP error attempt 3/3: 404 Client Error: Not Found for url: https://openrouter.ai/api/v1/chat/completions
11:33:31 [ERROR]   API error on fairness__medicine__high_utility__delusional__L2 run 1: Failed after 3 attempts.
11:33:31 [WARNING]   Could not parse rating for fairness__medicine__high_utility__delusional__L2 run 1: 'ERROR: Failed after 3 attempts.'
11:33:31 [INFO]   [314/3400] ETA 9h 16m 6s | control__finance_business__positive__1
11:33:32 [WARNING] HTTP error attempt 1/3: 404 Client Error: Not Found for url: https://openrouter.ai/api/v1/chat/completions
11:33:34 [WARNING] HTTP error attempt 2/3: 404 Client Error: Not Found for url: https://openrouter.ai/api/v1/chat/completions
11:33:38 [WARNING] HTTP error attempt 3/3: 404 Client Error: Not Found for url: https://openrouter.ai/api/v1/chat/completions
11:33:38 [ERROR]   API error on control__finance_business__positive__1 run 1: Failed after 3 attempts.
11:33:38 [WARNING]   Could not parse rating for control__finance_business__positive__1 run 1: 'ERROR: Failed after 3 attempts.'
11:33:38 [INFO]   [315/3400] ETA 9h 15m 13s | loyalty__personal_family__low_utility__plain__L2
11:33:38 [WARNING] HTTP error attempt 1/3: 404 Client Error: Not Found for url: https://openrouter.ai/api/v1/chat/completions
11:33:40 [WARNING] HTTP error attempt 2/3: 404 Client Error: Not Found for url: https://openrouter.ai/api/v1/chat/completions
11:33:44 [WARNING] HTTP error attempt 3/3: 404 Client Error: Not Found for url: https://openrouter.ai/api/v1/chat/completions
11:33:44 [ERROR]   API error on loyalty__personal_family__low_utility__plain__L2 run 1: Failed after 3 attempts.
11:33:44 [WARNING]   Could not parse rating for loyalty__personal_family__low_utility__plain__L2 run 1: 'ERROR: Failed after 3 attempts.'
11:33:44 [INFO]   [316/3400] ETA 9h 14m 21s | care_harm__personal_family__low_utility__delusional__L2
11:33:45 [WARNING] HTTP error attempt 1/3: 404 Client Error: Not Found for url: https://openrouter.ai/api/v1/chat/completions
11:33:47 [WARNING] HTTP error attempt 2/3: 404 Client Error: Not Found for url: https://openrouter.ai/api/v1/chat/completions
